-- CREATE DATABASE ttcs;
-- dữ liệu bảng users
INSERT INTO users(id,ngaysinh,email,gioitinh,masv,hoten,sodienthoai,password,username,lophanhchinh) VALUES (1,'2002-12-07','ThangNX.B20CN661@stu.ptit.edu.vn',1,'B20DCCN001','Nguyễn Xuân Thắng',0327477980,'user','user','D20CQCN01-B');
INSERT INTO users(id,ngaysinh,email,gioitinh,masv,hoten,sodienthoai,password,username,lophanhchinh) VALUES (2,'2002-01-30','kcosker1@netvibes.com',0,'B20DCCN002','Kym Cosker',7531135370,'C6PVxqlC','kcosker1','D20CQCN01-B');
INSERT INTO users(id,ngaysinh,email,gioitinh,masv,hoten,sodienthoai,password,username,lophanhchinh) VALUES (3,'2002-08-10','msoigoux2@shutterfly.com',1,'B20DCCN003','Melloney Soigoux',3148997193,'lNSXZVd','msoigoux2','D20CQCN01-B');
INSERT INTO users(id,ngaysinh,email,gioitinh,masv,hoten,sodienthoai,password,username,lophanhchinh) VALUES (4,'2002-05-15','oloraine3@imdb.com',1,'B20DCCN004','Opal Loraine',2645281580,'pAPJXFDuO','oloraine3','D20CQCN01-B');
INSERT INTO users(id,ngaysinh,email,gioitinh,masv,hoten,sodienthoai,password,username,lophanhchinh) VALUES (5,'2002-02-22','tyeell4@skyrock.com',1,'B20DCCN005','Teador Yeell',3932326862,'ePNgIMbGS3','tyeell4','D20CQCN01-B');
INSERT INTO users(id,ngaysinh,email,gioitinh,masv,hoten,sodienthoai,password,username,lophanhchinh) VALUES (6,'2002-07-28','cfarry5@un.org',1,'B20DCCN006','Cosimo Farry',2628160127,'aaOIqXsLTCer','cfarry5','D20CQCN01-B');
INSERT INTO users(id,ngaysinh,email,gioitinh,masv,hoten,sodienthoai,password,username,lophanhchinh) VALUES (7,'2002-11-13','gmaddie6@google.com.br',0,'B20DCCN007','Gus Maddie',6294778247,'gBXm0Uyyvh3t','gmaddie6','D20CQCN01-B');
INSERT INTO users(id,ngaysinh,email,gioitinh,masv,hoten,sodienthoai,password,username,lophanhchinh) VALUES (8,'2002-02-09','itodarello7@craigslist.org',0,'B20DCCN008','Ivette Todarello',2061765011,'8Tjmi9eLpHR','itodarello7','D20CQCN01-B');
INSERT INTO users(id,ngaysinh,email,gioitinh,masv,hoten,sodienthoai,password,username,lophanhchinh) VALUES (9,'2002-07-10','gspeer8@salon.com',1,'B20DCCN009','Gena Speer',6429548740,'SKsynBuzKH4p','gspeer8','D20CQCN01-B');
INSERT INTO users(id,ngaysinh,email,gioitinh,masv,hoten,sodienthoai,password,username,lophanhchinh) VALUES (10,'2002-09-10','lrogliero9@sohu.com',1,'B20DCCN010','Lulita Rogliero',3553769066,'xSGmLOiaY9jC','lrogliero9','D20CQCN01-B');
INSERT INTO users(id,ngaysinh,email,gioitinh,masv,hoten,sodienthoai,password,username,lophanhchinh) VALUES (11,'2002-04-02','amayhowa@dell.com',0,'B20DCCN011','Aaron Mayhow',4884350857,'qSFeXoj7','amayhowa','D20CQCN01-B');
INSERT INTO users(id,ngaysinh,email,gioitinh,masv,hoten,sodienthoai,password,username,lophanhchinh) VALUES (12,'2002-03-07','hshatliffb@sun.com',1,'B20DCCN012','Hewett Shatliff',9009204737,'GbWwuG','hshatliffb','D20CQCN01-B');
INSERT INTO users(id,ngaysinh,email,gioitinh,masv,hoten,sodienthoai,password,username,lophanhchinh) VALUES (13,'2002-11-25','sbaulkc@dyndns.org',0,'B20DCCN013','Sandie Baulk',5085334396,'5KnpnLvPoh','sbaulkc','D20CQCN01-B');
INSERT INTO users(id,ngaysinh,email,gioitinh,masv,hoten,sodienthoai,password,username,lophanhchinh) VALUES (14,'2002-11-03','aboeterd@dropbox.com',1,'B20DCCN014','Agnella Boeter',8323610672,'XmyJXcdxn','aboeterd','D20CQCN01-B');
INSERT INTO users(id,ngaysinh,email,gioitinh,masv,hoten,sodienthoai,password,username,lophanhchinh) VALUES (15,'2002-02-03','sjouannote@ucoz.com',0,'B20DCCN015','Saxe Jouannot',8361401702,'2tusqkv','sjouannote','D20CQCN01-B');
INSERT INTO users(id,ngaysinh,email,gioitinh,masv,hoten,sodienthoai,password,username,lophanhchinh) VALUES (16,'2002-04-10','flutyf@japanpost.jp',1,'B20DCCN016','Florence Luty',3171758609,'Xg2BJ8Je','flutyf','D20CQCN01-B');
INSERT INTO users(id,ngaysinh,email,gioitinh,masv,hoten,sodienthoai,password,username,lophanhchinh) VALUES (17,'2002-04-10','sfaucettg@irs.gov',1,'B20DCCN017','Sax Faucett',5203407974,'YKKnipQIY','sfaucettg','D20CQCN01-B');
INSERT INTO users(id,ngaysinh,email,gioitinh,masv,hoten,sodienthoai,password,username,lophanhchinh) VALUES (18,'2002-12-28','ochellamh@a8.net',1,'B20DCCN018','Olly Chellam',9486465259,'8gYb4RZ','ochellamh','D20CQCN01-B');
INSERT INTO users(id,ngaysinh,email,gioitinh,masv,hoten,sodienthoai,password,username,lophanhchinh) VALUES (19,'2002-03-08','dlilburnei@msu.edu',0,'B20DCCN019','Devondra Lilburne',8571851453,'vT4CMTqxOW','dlilburnei','D20CQCN01-B');
INSERT INTO users(id,ngaysinh,email,gioitinh,masv,hoten,sodienthoai,password,username,lophanhchinh) VALUES (20,'2002-08-28','youtramj@globo.com',1,'B20DCCN020','Yule Outram',1603851973,'xgw73P','youtramj','D20CQCN01-B');
INSERT INTO users(id,ngaysinh,email,gioitinh,masv,hoten,sodienthoai,password,username,lophanhchinh) VALUES (21,'2002-06-18','ckitterk@admin.ch',0,'B20DCCN021','Codee Kitter',4799644650,'qjEUHdz','ckitterk','D20CQCN01-B');
INSERT INTO users(id,ngaysinh,email,gioitinh,masv,hoten,sodienthoai,password,username,lophanhchinh) VALUES (22,'2002-07-08','xcheyennel@ucoz.com',0,'B20DCCN022','Xaviera Cheyenne',8839896183,'DGG0uy2I5','xcheyennel','D20CQCN01-B');
INSERT INTO users(id,ngaysinh,email,gioitinh,masv,hoten,sodienthoai,password,username,lophanhchinh) VALUES (23,'2002-09-15','abirchwoodm@cbc.ca',0,'B20DCCN023','Adaline Birchwood',6214785674,'wfG6U2pz75','abirchwoodm','D20CQCN01-B');
INSERT INTO users(id,ngaysinh,email,gioitinh,masv,hoten,sodienthoai,password,username,lophanhchinh) VALUES (24,'2002-12-01','benricon@furl.net',0,'B20DCCN024','Bartolemo Enrico',1524829340,'CVRnpkttQe','benricon','D20CQCN01-B');
INSERT INTO users(id,ngaysinh,email,gioitinh,masv,hoten,sodienthoai,password,username,lophanhchinh) VALUES (25,'2002-06-21','mmcenhillo@ocn.ne.jp',0,'B20DCCN025','Marylee McEnhill',9339791364,'MJlfdDrovU','mmcenhillo','D20CQCN01-B');
INSERT INTO users(id,ngaysinh,email,gioitinh,masv,hoten,sodienthoai,password,username,lophanhchinh) VALUES (26,'2002-11-02','mlinckp@goodreads.com',1,'B20DCCN026','Maryellen Linck',2316358076,'86PLA2uR2pof','mlinckp','D20CQCN01-B');
INSERT INTO users(id,ngaysinh,email,gioitinh,masv,hoten,sodienthoai,password,username,lophanhchinh) VALUES (27,'2002-12-12','ekilligrewq@amazon.com',0,'B20DCCN027','Eleanora Killigrew',1651621717,'D83D1e','ekilligrewq','D20CQCN01-B');
INSERT INTO users(id,ngaysinh,email,gioitinh,masv,hoten,sodienthoai,password,username,lophanhchinh) VALUES (28,'2002-08-10','egaultr@indiatimes.com',0,'B20DCCN028','Elvina Gault',7338233903,'ez2gTIS96MN','egaultr','D20CQCN01-B');
INSERT INTO users(id,ngaysinh,email,gioitinh,masv,hoten,sodienthoai,password,username,lophanhchinh) VALUES (29,'2002-12-20','eperkss@ebay.com',1,'B20DCCN029','Emlynn Perks',5839105116,'1I5tqqo','eperkss','D20CQCN01-B');
INSERT INTO users(id,ngaysinh,email,gioitinh,masv,hoten,sodienthoai,password,username,lophanhchinh) VALUES (30,'2002-03-03','hblandameret@ehow.com',0,'B20DCCN030','Harmonia Blandamere',8154424129,'XNnzJU','hblandameret','D20CQCN01-B');
INSERT INTO users(id,ngaysinh,email,gioitinh,masv,hoten,sodienthoai,password,username,lophanhchinh) VALUES (31,'2002-09-17','jaseyu@apple.com',1,'B20DCCN031','Jennilee Asey',8222701628,'R817XYx0cz5t','jaseyu','D20CQCN01-B');
INSERT INTO users(id,ngaysinh,email,gioitinh,masv,hoten,sodienthoai,password,username,lophanhchinh) VALUES (32,'2002-07-30','icordeyv@xrea.com',1,'B20DCCN032','Ignacius Cordey',1644547750,'hBeBBj','icordeyv','D20CQCN01-B');
INSERT INTO users(id,ngaysinh,email,gioitinh,masv,hoten,sodienthoai,password,username,lophanhchinh) VALUES (33,'2002-02-07','eboldenw@booking.com',0,'B20DCCN033','Eugenius Bolden',6932251989,'KKrUDu','eboldenw','D20CQCN01-B');
INSERT INTO users(id,ngaysinh,email,gioitinh,masv,hoten,sodienthoai,password,username,lophanhchinh) VALUES (34,'2002-07-08','gvasex@mayoclinic.com',0,'B20DCCN034','Geoffry Vase',7674369124,'5yTeood','gvasex','D20CQCN01-B');
INSERT INTO users(id,ngaysinh,email,gioitinh,masv,hoten,sodienthoai,password,username,lophanhchinh) VALUES (35,'2002-08-28','phawsony@amazon.com',0,'B20DCCN035','Pembroke Hawson',8853607687,'mgbFJVmV8c','phawsony','D20CQCN01-B');
INSERT INTO users(id,ngaysinh,email,gioitinh,masv,hoten,sodienthoai,password,username,lophanhchinh) VALUES (36,'2002-06-26','bkempsonz@dedecms.com',1,'B20DCCN036','Burton Kempson',6588506330,'Mlp89lh','bkempsonz','D20CQCN01-B');
INSERT INTO users(id,ngaysinh,email,gioitinh,masv,hoten,sodienthoai,password,username,lophanhchinh) VALUES (37,'2002-05-11','scrowe10@barnesandnoble.com',1,'B20DCCN037','Sarajane Crowe',1018443478,'KjdC9Dtn','scrowe10','D20CQCN01-B');
INSERT INTO users(id,ngaysinh,email,gioitinh,masv,hoten,sodienthoai,password,username,lophanhchinh) VALUES (38,'2002-08-06','cmaior11@state.gov',1,'B20DCCN038','Chevalier Maior',4312530919,'ZEGyuo','cmaior11','D20CQCN01-B');
INSERT INTO users(id,ngaysinh,email,gioitinh,masv,hoten,sodienthoai,password,username,lophanhchinh) VALUES (39,'2002-05-08','ajancar12@dagondesign.com',1,'B20DCCN039','Arlen Jancar',5162444958,'WRUFEy','ajancar12','D20CQCN01-B');
INSERT INTO users(id,ngaysinh,email,gioitinh,masv,hoten,sodienthoai,password,username,lophanhchinh) VALUES (40,'2002-05-07','hroistone13@mediafire.com',0,'B20DCCN040','Harmon Roistone',7678180931,'on9yw0gM','hroistone13','D20CQCN01-B');
INSERT INTO users(id,ngaysinh,email,gioitinh,masv,hoten,sodienthoai,password,username,lophanhchinh) VALUES (41,'2002-09-22','icope14@google.cn',0,'B20DCCN041','Iorgos Cope',9198545135,'Ca6gBj6QLl','icope14','D20CQCN01-B');
INSERT INTO users(id,ngaysinh,email,gioitinh,masv,hoten,sodienthoai,password,username,lophanhchinh) VALUES (42,'2002-08-30','kjuliano15@aboutads.info',1,'B20DCCN042','Kevin Juliano',5328104141,'fk4o4YC3FN','kjuliano15','D20CQCN01-B');
INSERT INTO users(id,ngaysinh,email,gioitinh,masv,hoten,sodienthoai,password,username,lophanhchinh) VALUES (43,'2002-02-27','ckilfether16@mozilla.org',1,'B20DCCN043','Cleon Kilfether',5595193194,'rX2HTOjxXr','ckilfether16','D20CQCN01-B');
INSERT INTO users(id,ngaysinh,email,gioitinh,masv,hoten,sodienthoai,password,username,lophanhchinh) VALUES (44,'2002-10-12','folliffe17@tiny.cc',0,'B20DCCN044','Florri Olliffe',2709890252,'d9WsC95DkCm','folliffe17','D20CQCN01-B');
INSERT INTO users(id,ngaysinh,email,gioitinh,masv,hoten,sodienthoai,password,username,lophanhchinh) VALUES (45,'2002-10-20','ggermon18@freewebs.com',0,'B20DCCN045','Grady Germon',8858434585,'jdgAzhIU2','ggermon18','D20CQCN01-B');
INSERT INTO users(id,ngaysinh,email,gioitinh,masv,hoten,sodienthoai,password,username,lophanhchinh) VALUES (46,'2002-01-30','tbarthelemy19@timesonline.co.uk',1,'B20DCCN046','Tammie Barthelemy',2607925549,'Mgbdnl','tbarthelemy19','D20CQCN01-B');
INSERT INTO users(id,ngaysinh,email,gioitinh,masv,hoten,sodienthoai,password,username,lophanhchinh) VALUES (47,'2002-12-01','pdanbrook1a@istockphoto.com',0,'B20DCCN047','Paxton Danbrook',2642540072,'jO8twE8lx','pdanbrook1a','D20CQCN01-B');
INSERT INTO users(id,ngaysinh,email,gioitinh,masv,hoten,sodienthoai,password,username,lophanhchinh) VALUES (48,'2002-10-05','aclampton1b@xing.com',0,'B20DCCN048','Aidan Clampton',2069942177,'UCt3r3SB','aclampton1b','D20CQCN01-B');
INSERT INTO users(id,ngaysinh,email,gioitinh,masv,hoten,sodienthoai,password,username,lophanhchinh) VALUES (49,'2002-07-19','jputland1c@bloomberg.com',1,'B20DCCN049','Juliette Putland',6758655231,'6CXdKS0','jputland1c','D20CQCN01-B');
INSERT INTO users(id,ngaysinh,email,gioitinh,masv,hoten,sodienthoai,password,username,lophanhchinh) VALUES (50,'2002-10-02','rbriant1d@ox.ac.uk',1,'B20DCCN050','Rhoda Briant',9963953294,'zw54KZhVY','rbriant1d','D20CQCN01-B');
INSERT INTO users(id,ngaysinh,email,gioitinh,masv,hoten,sodienthoai,password,username,lophanhchinh) VALUES (51,'2002-01-23','tbravington1e@smugmug.com',1,'B20DCCN051','Tildi Bravington',4644321111,'0GcZThnD','tbravington1e','D20CQCN02-B');
INSERT INTO users(id,ngaysinh,email,gioitinh,masv,hoten,sodienthoai,password,username,lophanhchinh) VALUES (52,'2002-08-19','mfinkle1f@wired.com',0,'B20DCCN052','Margot Finkle',1458046220,'4xIPAQ','mfinkle1f','D20CQCN02-B');
INSERT INTO users(id,ngaysinh,email,gioitinh,masv,hoten,sodienthoai,password,username,lophanhchinh) VALUES (53,'2002-03-29','wdrewes1g@marketwatch.com',1,'B20DCCN053','Waite Drewes',1143789348,'0Plqg6NpR','wdrewes1g','D20CQCN02-B');
INSERT INTO users(id,ngaysinh,email,gioitinh,masv,hoten,sodienthoai,password,username,lophanhchinh) VALUES (54,'2002-05-11','tjerromes1h@thetimes.co.uk',1,'B20DCCN054','Thorsten Jerromes',3011219236,'QU7DVz','tjerromes1h','D20CQCN02-B');
INSERT INTO users(id,ngaysinh,email,gioitinh,masv,hoten,sodienthoai,password,username,lophanhchinh) VALUES (55,'2002-08-11','clyst1i@indiegogo.com',1,'B20DCCN055','Claudie Lyst',1572325939,'i4RmU5KmGoUl','clyst1i','D20CQCN02-B');
INSERT INTO users(id,ngaysinh,email,gioitinh,masv,hoten,sodienthoai,password,username,lophanhchinh) VALUES (56,'2002-07-15','mchalcraft1j@ycombinator.com',1,'B20DCCN056','Mary Chalcraft',1533077241,'8a2KhygFvt','mchalcraft1j','D20CQCN02-B');
INSERT INTO users(id,ngaysinh,email,gioitinh,masv,hoten,sodienthoai,password,username,lophanhchinh) VALUES (57,'2002-07-17','bricker1k@technorati.com',1,'B20DCCN057','Brady Ricker',7605059509,'vGnMt8uy','bricker1k','D20CQCN02-B');
INSERT INTO users(id,ngaysinh,email,gioitinh,masv,hoten,sodienthoai,password,username,lophanhchinh) VALUES (58,'2002-07-24','jwillgoose1l@zimbio.com',0,'B20DCCN058','Jacynth Willgoose',3672729629,'uodWXq3DnD','jwillgoose1l','D20CQCN02-B');
INSERT INTO users(id,ngaysinh,email,gioitinh,masv,hoten,sodienthoai,password,username,lophanhchinh) VALUES (59,'2002-07-19','nbrodeau1m@ameblo.jp',1,'B20DCCN059','Natividad Brodeau',3132072233,'GaOGhVyKwIdG','nbrodeau1m','D20CQCN02-B');
INSERT INTO users(id,ngaysinh,email,gioitinh,masv,hoten,sodienthoai,password,username,lophanhchinh) VALUES (60,'2002-04-21','fmauchlen1n@trellian.com',0,'B20DCCN060','Frederique Mauchlen',6151610554,'1SWapHhoC0jy','fmauchlen1n','D20CQCN02-B');
INSERT INTO users(id,ngaysinh,email,gioitinh,masv,hoten,sodienthoai,password,username,lophanhchinh) VALUES (61,'2002-05-20','bfillan1o@meetup.com',0,'B20DCCN061','Berenice Fillan',6212953606,'EqfT3PvKONvH','bfillan1o','D20CQCN02-B');
INSERT INTO users(id,ngaysinh,email,gioitinh,masv,hoten,sodienthoai,password,username,lophanhchinh) VALUES (62,'2002-11-18','egossage1p@canalblog.com',0,'B20DCCN062','Evey Gossage',1214559907,'StqbpK6','egossage1p','D20CQCN02-B');
INSERT INTO users(id,ngaysinh,email,gioitinh,masv,hoten,sodienthoai,password,username,lophanhchinh) VALUES (63,'2002-12-30','spierri1q@addthis.com',0,'B20DCCN063','Shaina Pierri',5239259202,'OKykjpD','spierri1q','D20CQCN02-B');
INSERT INTO users(id,ngaysinh,email,gioitinh,masv,hoten,sodienthoai,password,username,lophanhchinh) VALUES (64,'2002-06-09','ematijevic1r@usda.gov',0,'B20DCCN064','Eddi Matijevic',2198168350,'eYkEoT1rws','ematijevic1r','D20CQCN02-B');
INSERT INTO users(id,ngaysinh,email,gioitinh,masv,hoten,sodienthoai,password,username,lophanhchinh) VALUES (65,'2002-05-28','hgorstidge1s@npr.org',1,'B20DCCN065','Henka Gorstidge',5673184525,'J1OfPaP5lbng','hgorstidge1s','D20CQCN02-B');
INSERT INTO users(id,ngaysinh,email,gioitinh,masv,hoten,sodienthoai,password,username,lophanhchinh) VALUES (66,'2002-02-15','ode1t@boston.com',0,'B20DCCN066','Olin De la Perrelle',7052587482,'ukr0Vv','ode1t','D20CQCN02-B');
INSERT INTO users(id,ngaysinh,email,gioitinh,masv,hoten,sodienthoai,password,username,lophanhchinh) VALUES (67,'2002-09-04','aondra1u@1und1.de',0,'B20DCCN067','Aldric Ondra',1775197211,'81uTWb','aondra1u','D20CQCN02-B');
INSERT INTO users(id,ngaysinh,email,gioitinh,masv,hoten,sodienthoai,password,username,lophanhchinh) VALUES (68,'2002-12-20','mfredi1v@forbes.com',1,'B20DCCN068','Myles Fredi',1298759807,'buQX95ww','mfredi1v','D20CQCN02-B');
INSERT INTO users(id,ngaysinh,email,gioitinh,masv,hoten,sodienthoai,password,username,lophanhchinh) VALUES (69,'2002-01-24','stowe1w@businessweek.com',1,'B20DCCN069','Sammy Towe',4858555105,'705kDZZT','stowe1w','D20CQCN02-B');
INSERT INTO users(id,ngaysinh,email,gioitinh,masv,hoten,sodienthoai,password,username,lophanhchinh) VALUES (70,'2002-07-25','rsmittoune1x@blogger.com',1,'B20DCCN070','Rebecka Smittoune',2671161223,'HG65rD97','rsmittoune1x','D20CQCN02-B');
INSERT INTO users(id,ngaysinh,email,gioitinh,masv,hoten,sodienthoai,password,username,lophanhchinh) VALUES (71,'2002-11-09','mmcpherson1y@google.com.br',0,'B20DCCN071','Matthiew McPherson',7501428516,'nDXvBo','mmcpherson1y','D20CQCN02-B');
INSERT INTO users(id,ngaysinh,email,gioitinh,masv,hoten,sodienthoai,password,username,lophanhchinh) VALUES (72,'2002-04-12','sjones1z@sourceforge.net',1,'B20DCCN072','Sargent Jones',9988683047,'SPdieXW1Yaek','sjones1z','D20CQCN02-B');
INSERT INTO users(id,ngaysinh,email,gioitinh,masv,hoten,sodienthoai,password,username,lophanhchinh) VALUES (73,'2002-07-19','lfellon20@forbes.com',0,'B20DCCN073','Lorne Fellon',8865112334,'3w4ITYh36ot','lfellon20','D20CQCN02-B');
INSERT INTO users(id,ngaysinh,email,gioitinh,masv,hoten,sodienthoai,password,username,lophanhchinh) VALUES (74,'2002-02-09','lgair21@ifeng.com',1,'B20DCCN074','Lita Gair',2373184227,'v4f9oPwIY','lgair21','D20CQCN02-B');
INSERT INTO users(id,ngaysinh,email,gioitinh,masv,hoten,sodienthoai,password,username,lophanhchinh) VALUES (75,'2002-12-09','etitford22@engadget.com',1,'B20DCCN075','Eli Titford',6952273867,'wZwDih','etitford22','D20CQCN02-B');
INSERT INTO users(id,ngaysinh,email,gioitinh,masv,hoten,sodienthoai,password,username,lophanhchinh) VALUES (76,'2002-07-07','jhuygen23@chicagotribune.com',0,'B20DCCN076','Jobina Huygen',8108623173,'T3qSg12G','jhuygen23','D20CQCN02-B');
INSERT INTO users(id,ngaysinh,email,gioitinh,masv,hoten,sodienthoai,password,username,lophanhchinh) VALUES (77,'2002-08-04','wpoyser24@desdev.cn',0,'B20DCCN077','Wells Poyser',7606816226,'xORAC3','wpoyser24','D20CQCN02-B');
INSERT INTO users(id,ngaysinh,email,gioitinh,masv,hoten,sodienthoai,password,username,lophanhchinh) VALUES (78,'2002-08-27','cocarrol25@fotki.com',1,'B20DCCN078','Carolee O''Carrol',3731191375,'CREBap','cocarrol25','D20CQCN02-B');
INSERT INTO users(id,ngaysinh,email,gioitinh,masv,hoten,sodienthoai,password,username,lophanhchinh) VALUES (79,'2002-10-04','chalfpenny26@mac.com',0,'B20DCCN079','Coralie Halfpenny',9097974392,'Z0hd81yuY3','chalfpenny26','D20CQCN02-B');
INSERT INTO users(id,ngaysinh,email,gioitinh,masv,hoten,sodienthoai,password,username,lophanhchinh) VALUES (80,'2002-12-07','gbenford27@jalbum.net',1,'B20DCCN080','Guglielmo Benford',5193289418,'AmM1Ogo2eWxf','gbenford27','D20CQCN02-B');
INSERT INTO users(id,ngaysinh,email,gioitinh,masv,hoten,sodienthoai,password,username,lophanhchinh) VALUES (81,'2002-11-02','jbaszniak28@blogs.com',1,'B20DCCN081','Jasen Baszniak',6457179569,'JPqYk7r','jbaszniak28','D20CQCN02-B');
INSERT INTO users(id,ngaysinh,email,gioitinh,masv,hoten,sodienthoai,password,username,lophanhchinh) VALUES (82,'2002-09-27','fkoppke29@jigsy.com',0,'B20DCCN082','Flemming Koppke',5922172841,'IWIBaR6','fkoppke29','D20CQCN02-B');
INSERT INTO users(id,ngaysinh,email,gioitinh,masv,hoten,sodienthoai,password,username,lophanhchinh) VALUES (83,'2002-07-25','mlaurand2a@amazon.co.jp',1,'B20DCCN083','Mikol Laurand',3791117525,'DKl2gvv3','mlaurand2a','D20CQCN02-B');
INSERT INTO users(id,ngaysinh,email,gioitinh,masv,hoten,sodienthoai,password,username,lophanhchinh) VALUES (84,'2002-11-08','mblakiston2b@yellowpages.com',0,'B20DCCN084','Mora Blakiston',2117951710,'XdEpLUy','mblakiston2b','D20CQCN02-B');
INSERT INTO users(id,ngaysinh,email,gioitinh,masv,hoten,sodienthoai,password,username,lophanhchinh) VALUES (85,'2002-07-18','otrahmel2c@networkadvertising.org',0,'B20DCCN085','Olly Trahmel',9007608852,'4dJ8fXDByd','otrahmel2c','D20CQCN02-B');
INSERT INTO users(id,ngaysinh,email,gioitinh,masv,hoten,sodienthoai,password,username,lophanhchinh) VALUES (86,'2002-12-08','kmccurrie2d@mtv.com',0,'B20DCCN086','Kip McCurrie',5783603583,'nc3B8z5FS','kmccurrie2d','D20CQCN02-B');
INSERT INTO users(id,ngaysinh,email,gioitinh,masv,hoten,sodienthoai,password,username,lophanhchinh) VALUES (87,'2002-06-12','fpeever2e@a8.net',0,'B20DCCN087','Fairleigh Peever',3146290234,'uSOu2pKY4E','fpeever2e','D20CQCN02-B');
INSERT INTO users(id,ngaysinh,email,gioitinh,masv,hoten,sodienthoai,password,username,lophanhchinh) VALUES (88,'2002-02-28','fgerriessen2f@hugedomains.com',0,'B20DCCN088','Fraze Gerriessen',4335262643,'EQuAMuKmAO5X','fgerriessen2f','D20CQCN02-B');
INSERT INTO users(id,ngaysinh,email,gioitinh,masv,hoten,sodienthoai,password,username,lophanhchinh) VALUES (89,'2002-10-09','pperot2g@xrea.com',1,'B20DCCN089','Pebrook Perot',9058927634,'XkzhGu0q','pperot2g','D20CQCN02-B');
INSERT INTO users(id,ngaysinh,email,gioitinh,masv,hoten,sodienthoai,password,username,lophanhchinh) VALUES (90,'2002-11-21','bwatmough2h@unc.edu',0,'B20DCCN090','Blinny Watmough',4133206756,'eyat1n','bwatmough2h','D20CQCN02-B');
INSERT INTO users(id,ngaysinh,email,gioitinh,masv,hoten,sodienthoai,password,username,lophanhchinh) VALUES (91,'2002-06-20','blowdyane2i@jiathis.com',1,'B20DCCN091','Bessy Lowdyane',6784005486,'ULTGaGBJFn','blowdyane2i','D20CQCN02-B');
INSERT INTO users(id,ngaysinh,email,gioitinh,masv,hoten,sodienthoai,password,username,lophanhchinh) VALUES (92,'2002-06-05','rwesgate2j@dell.com',0,'B20DCCN092','Randy Wesgate',8281309992,'TBDpXRJ0Q8','rwesgate2j','D20CQCN02-B');
INSERT INTO users(id,ngaysinh,email,gioitinh,masv,hoten,sodienthoai,password,username,lophanhchinh) VALUES (93,'2002-04-07','dmcgillecole2k@umich.edu',0,'B20DCCN093','Daryn McGillecole',2401678980,'ytz0eDzqGE','dmcgillecole2k','D20CQCN02-B');
INSERT INTO users(id,ngaysinh,email,gioitinh,masv,hoten,sodienthoai,password,username,lophanhchinh) VALUES (94,'2002-04-30','londra2l@cmu.edu',0,'B20DCCN094','Lynn Ondra',8545166305,'Jmk9VW','londra2l','D20CQCN02-B');
INSERT INTO users(id,ngaysinh,email,gioitinh,masv,hoten,sodienthoai,password,username,lophanhchinh) VALUES (95,'2002-01-27','daharoni2m@blinklist.com',0,'B20DCCN095','Daveen Aharoni',8104143483,'chMQej5d','daharoni2m','D20CQCN02-B');
INSERT INTO users(id,ngaysinh,email,gioitinh,masv,hoten,sodienthoai,password,username,lophanhchinh) VALUES (96,'2002-04-29','clepere2n@reverbnation.com',0,'B20DCCN096','Cassandra Lepere',8121414030,'gYbooP','clepere2n','D20CQCN02-B');
INSERT INTO users(id,ngaysinh,email,gioitinh,masv,hoten,sodienthoai,password,username,lophanhchinh) VALUES (97,'2002-04-05','dclifforth2o@rambler.ru',0,'B20DCCN097','Davita Clifforth',6408370502,'6JXDaA6t','dclifforth2o','D20CQCN02-B');
INSERT INTO users(id,ngaysinh,email,gioitinh,masv,hoten,sodienthoai,password,username,lophanhchinh) VALUES (98,'2002-08-12','gmaden2p@economist.com',0,'B20DCCN098','Gwynne Maden',9258673003,'891hmAZC3uf','gmaden2p','D20CQCN02-B');
INSERT INTO users(id,ngaysinh,email,gioitinh,masv,hoten,sodienthoai,password,username,lophanhchinh) VALUES (99,'2002-11-28','mhaker2q@ning.com',0,'B20DCCN099','Morissa Haker',4071523283,'8EwQjsu2yp','mhaker2q','D20CQCN02-B');
INSERT INTO users(id,ngaysinh,email,gioitinh,masv,hoten,sodienthoai,password,username,lophanhchinh) VALUES (100,'2002-02-21','ycroad2r@sun.com',1,'B20DCCN100','Yettie Croad',1085885153,'admin','admin','D20CQCN02-B');
-- dữ liệu bảng roles
INSERT INTO roles(id,name) VALUES (1,'ROLE_USER');
INSERT INTO roles(id,name) VALUES (2,'ROLE_ADMIN');
-- dữ liệu bảng users_roles
INSERT INTO users_roles(user_id,role_id) VALUES (1,1);
INSERT INTO users_roles(user_id,role_id) VALUES (2,1);
INSERT INTO users_roles(user_id,role_id) VALUES (3,1);
INSERT INTO users_roles(user_id,role_id) VALUES (4,1);
INSERT INTO users_roles(user_id,role_id) VALUES (5,1);
INSERT INTO users_roles(user_id,role_id) VALUES (6,1);
INSERT INTO users_roles(user_id,role_id) VALUES (7,1);
INSERT INTO users_roles(user_id,role_id) VALUES (8,1);
INSERT INTO users_roles(user_id,role_id) VALUES (9,1);
INSERT INTO users_roles(user_id,role_id) VALUES (10,1);
INSERT INTO users_roles(user_id,role_id) VALUES (11,1);
INSERT INTO users_roles(user_id,role_id) VALUES (12,1);
INSERT INTO users_roles(user_id,role_id) VALUES (13,1);
INSERT INTO users_roles(user_id,role_id) VALUES (14,1);
INSERT INTO users_roles(user_id,role_id) VALUES (15,1);
INSERT INTO users_roles(user_id,role_id) VALUES (16,1);
INSERT INTO users_roles(user_id,role_id) VALUES (17,1);
INSERT INTO users_roles(user_id,role_id) VALUES (18,1);
INSERT INTO users_roles(user_id,role_id) VALUES (19,1);
INSERT INTO users_roles(user_id,role_id) VALUES (20,1);
INSERT INTO users_roles(user_id,role_id) VALUES (21,1);
INSERT INTO users_roles(user_id,role_id) VALUES (22,1);
INSERT INTO users_roles(user_id,role_id) VALUES (23,1);
INSERT INTO users_roles(user_id,role_id) VALUES (24,1);
INSERT INTO users_roles(user_id,role_id) VALUES (25,1);
INSERT INTO users_roles(user_id,role_id) VALUES (26,1);
INSERT INTO users_roles(user_id,role_id) VALUES (27,1);
INSERT INTO users_roles(user_id,role_id) VALUES (28,1);
INSERT INTO users_roles(user_id,role_id) VALUES (29,1);
INSERT INTO users_roles(user_id,role_id) VALUES (30,1);
INSERT INTO users_roles(user_id,role_id) VALUES (31,1);
INSERT INTO users_roles(user_id,role_id) VALUES (32,1);
INSERT INTO users_roles(user_id,role_id) VALUES (33,1);
INSERT INTO users_roles(user_id,role_id) VALUES (34,1);
INSERT INTO users_roles(user_id,role_id) VALUES (35,1);
INSERT INTO users_roles(user_id,role_id) VALUES (36,1);
INSERT INTO users_roles(user_id,role_id) VALUES (37,1);
INSERT INTO users_roles(user_id,role_id) VALUES (38,1);
INSERT INTO users_roles(user_id,role_id) VALUES (39,1);
INSERT INTO users_roles(user_id,role_id) VALUES (40,1);
INSERT INTO users_roles(user_id,role_id) VALUES (41,1);
INSERT INTO users_roles(user_id,role_id) VALUES (42,1);
INSERT INTO users_roles(user_id,role_id) VALUES (43,1);
INSERT INTO users_roles(user_id,role_id) VALUES (44,1);
INSERT INTO users_roles(user_id,role_id) VALUES (45,1);
INSERT INTO users_roles(user_id,role_id) VALUES (46,1);
INSERT INTO users_roles(user_id,role_id) VALUES (47,1);
INSERT INTO users_roles(user_id,role_id) VALUES (48,1);
INSERT INTO users_roles(user_id,role_id) VALUES (49,1);
INSERT INTO users_roles(user_id,role_id) VALUES (50,1);
INSERT INTO users_roles(user_id,role_id) VALUES (51,1);
INSERT INTO users_roles(user_id,role_id) VALUES (52,1);
INSERT INTO users_roles(user_id,role_id) VALUES (53,1);
INSERT INTO users_roles(user_id,role_id) VALUES (54,1);
INSERT INTO users_roles(user_id,role_id) VALUES (55,1);
INSERT INTO users_roles(user_id,role_id) VALUES (56,1);
INSERT INTO users_roles(user_id,role_id) VALUES (57,1);
INSERT INTO users_roles(user_id,role_id) VALUES (58,1);
INSERT INTO users_roles(user_id,role_id) VALUES (59,1);
INSERT INTO users_roles(user_id,role_id) VALUES (60,1);
INSERT INTO users_roles(user_id,role_id) VALUES (61,1);
INSERT INTO users_roles(user_id,role_id) VALUES (62,1);
INSERT INTO users_roles(user_id,role_id) VALUES (63,1);
INSERT INTO users_roles(user_id,role_id) VALUES (64,1);
INSERT INTO users_roles(user_id,role_id) VALUES (65,1);
INSERT INTO users_roles(user_id,role_id) VALUES (66,1);
INSERT INTO users_roles(user_id,role_id) VALUES (67,1);
INSERT INTO users_roles(user_id,role_id) VALUES (68,1);
INSERT INTO users_roles(user_id,role_id) VALUES (69,1);
INSERT INTO users_roles(user_id,role_id) VALUES (70,1);
INSERT INTO users_roles(user_id,role_id) VALUES (71,1);
INSERT INTO users_roles(user_id,role_id) VALUES (72,1);
INSERT INTO users_roles(user_id,role_id) VALUES (73,1);
INSERT INTO users_roles(user_id,role_id) VALUES (74,1);
INSERT INTO users_roles(user_id,role_id) VALUES (75,1);
INSERT INTO users_roles(user_id,role_id) VALUES (76,1);
INSERT INTO users_roles(user_id,role_id) VALUES (77,1);
INSERT INTO users_roles(user_id,role_id) VALUES (78,1);
INSERT INTO users_roles(user_id,role_id) VALUES (79,1);
INSERT INTO users_roles(user_id,role_id) VALUES (80,1);
INSERT INTO users_roles(user_id,role_id) VALUES (81,1);
INSERT INTO users_roles(user_id,role_id) VALUES (82,1);
INSERT INTO users_roles(user_id,role_id) VALUES (83,1);
INSERT INTO users_roles(user_id,role_id) VALUES (84,1);
INSERT INTO users_roles(user_id,role_id) VALUES (85,1);
INSERT INTO users_roles(user_id,role_id) VALUES (86,1);
INSERT INTO users_roles(user_id,role_id) VALUES (87,1);
INSERT INTO users_roles(user_id,role_id) VALUES (88,1);
INSERT INTO users_roles(user_id,role_id) VALUES (89,1);
INSERT INTO users_roles(user_id,role_id) VALUES (90,1);
INSERT INTO users_roles(user_id,role_id) VALUES (91,1);
INSERT INTO users_roles(user_id,role_id) VALUES (92,1);
INSERT INTO users_roles(user_id,role_id) VALUES (93,1);
INSERT INTO users_roles(user_id,role_id) VALUES (94,1);
INSERT INTO users_roles(user_id,role_id) VALUES (95,1);
INSERT INTO users_roles(user_id,role_id) VALUES (96,1);
INSERT INTO users_roles(user_id,role_id) VALUES (97,1);
INSERT INTO users_roles(user_id,role_id) VALUES (98,1);
INSERT INTO users_roles(user_id,role_id) VALUES (99,1);
INSERT INTO users_roles(user_id,role_id) VALUES (100,2);
-- dữ liệu bảng mon_hoc
INSERT INTO mon_hoc(id,mamonhoc,sotinchi,tenmonhoc) VALUES (1,'BAS1150',3,N'Triết học Mác - Lênin');
INSERT INTO mon_hoc(id,mamonhoc,sotinchi,tenmonhoc) VALUES (2,'BAS1201',3,N'Đại số');
INSERT INTO mon_hoc(id,mamonhoc,sotinchi,tenmonhoc) VALUES (3,'BAS1203',3,N'Giải tích 1');
INSERT INTO mon_hoc(id,mamonhoc,sotinchi,tenmonhoc) VALUES (4,'INT1154',2,N'Tin học cơ sở 1');
INSERT INTO mon_hoc(id,mamonhoc,sotinchi,tenmonhoc) VALUES (5,'BAS1226',2,N'Xác suất thống kê');
INSERT INTO mon_hoc(id,mamonhoc,sotinchi,tenmonhoc) VALUES (6,'BAS1151',2,N'Kinh tế chính trị Mác-Lênin');
INSERT INTO mon_hoc(id,mamonhoc,sotinchi,tenmonhoc) VALUES (7,'BAS1157',4,N'Tiếng anh Course 1');
INSERT INTO mon_hoc(id,mamonhoc,sotinchi,tenmonhoc) VALUES (8,'BAS1204',3,N'Giải tích 2');
INSERT INTO mon_hoc(id,mamonhoc,sotinchi,tenmonhoc) VALUES (9,'BAS1224',4,N'Vật lý 1 và thí nghiệm');
INSERT INTO mon_hoc(id,mamonhoc,sotinchi,tenmonhoc) VALUES (10,'INT1155',2,N'Tin học cơ sở 2');
INSERT INTO mon_hoc(id,mamonhoc,sotinchi,tenmonhoc) VALUES (11,'ELE1433',2,N'Kỹ thuật số');
INSERT INTO mon_hoc(id,mamonhoc,sotinchi,tenmonhoc) VALUES (12,'BAS1152',2,N'Chủ nghĩa xã hội khoa học');
INSERT INTO mon_hoc(id,mamonhoc,sotinchi,tenmonhoc) VALUES (13,'BAS1158',4,N'Tiếng anh Course 2');
INSERT INTO mon_hoc(id,mamonhoc,sotinchi,tenmonhoc) VALUES (14,'BAS1227',4,N'Vật lý 3 và thí nghiệm');
INSERT INTO mon_hoc(id,mamonhoc,sotinchi,tenmonhoc) VALUES (15,'INT1358',3,N'Toán rời rạc 1');
INSERT INTO mon_hoc(id,mamonhoc,sotinchi,tenmonhoc) VALUES (16,'INT1339',3,N'Ngôn ngữ lập trình C++');
INSERT INTO mon_hoc(id,mamonhoc,sotinchi,tenmonhoc) VALUES (17,'ELE1330',2,N'Xử lý tín hiệu số');
INSERT INTO mon_hoc(id,mamonhoc,sotinchi,tenmonhoc) VALUES (18,'BAS1122',2,N'Tư tưởng Hồ Chí Minh');
INSERT INTO mon_hoc(id,mamonhoc,sotinchi,tenmonhoc) VALUES (19,'BAS1159',4,N'Tiếng anh Course 3');
INSERT INTO mon_hoc(id,mamonhoc,sotinchi,tenmonhoc) VALUES (20,'INT13145',3,N'Kiến trúc máy tính');
INSERT INTO mon_hoc(id,mamonhoc,sotinchi,tenmonhoc) VALUES (21,'INT1359',3,N'Toán rời rạc 2');
INSERT INTO mon_hoc(id,mamonhoc,sotinchi,tenmonhoc) VALUES (22,'INT1306',3,N'Cấu trúc dữ liệu và giải thuật');
INSERT INTO mon_hoc(id,mamonhoc,sotinchi,tenmonhoc) VALUES (23,'ELE1319',3,N'Lý thuyết thông tin');
INSERT INTO mon_hoc(id,mamonhoc,sotinchi,tenmonhoc) VALUES (24,'BAS1153',2,N'Lịch sử Đảng Cộng sản Việt Nam');
INSERT INTO mon_hoc(id,mamonhoc,sotinchi,tenmonhoc) VALUES (25,'BAS1160',2,N'Tiếng Anh (Course 3 plus)');
INSERT INTO mon_hoc(id,mamonhoc,sotinchi,tenmonhoc) VALUES (26,'INT1319',3,N'Hệ điều hành');
INSERT INTO mon_hoc(id,mamonhoc,sotinchi,tenmonhoc) VALUES (27,'INT1332',3,N'Lập trình hướng đối tượng');
INSERT INTO mon_hoc(id,mamonhoc,sotinchi,tenmonhoc) VALUES (28,'INT1313',3,N'Cơ sở dữ liệu');
INSERT INTO mon_hoc(id,mamonhoc,sotinchi,tenmonhoc) VALUES (29,'INT1336',3,N'Mạng máy tính');
INSERT INTO mon_hoc(id,mamonhoc,sotinchi,tenmonhoc) VALUES (30,'INT13162',3,N'Lập trình với Python');
INSERT INTO mon_hoc(id,mamonhoc,sotinchi,tenmonhoc) VALUES (31,'INT1341',3,N'Nhập môn trí tuệ nhân tạo');
INSERT INTO mon_hoc(id,mamonhoc,sotinchi,tenmonhoc) VALUES (32,'INT1340',3,N'Nhập môn công nghệ phần mềm');
INSERT INTO mon_hoc(id,mamonhoc,sotinchi,tenmonhoc) VALUES (33,'INT1303',3,N'An toàn và bảo mật hệ thống thông tin');
INSERT INTO mon_hoc(id,mamonhoc,sotinchi,tenmonhoc) VALUES (34,'INT1434',3,N'Lập trình Web');
INSERT INTO mon_hoc(id,mamonhoc,sotinchi,tenmonhoc) VALUES (35,'INT14148',3,N'Cơ sở dữ liệu phân tán');
INSERT INTO mon_hoc(id,mamonhoc,sotinchi,tenmonhoc) VALUES (36,'INT13147',3,N'Thực tập cơ sở');
INSERT INTO mon_hoc(id,mamonhoc,sotinchi,tenmonhoc) VALUES (37,'SKD1108',2,N'Phương pháp luận nghiên cứu khoa học');
INSERT INTO mon_hoc(id,mamonhoc,sotinchi,tenmonhoc) VALUES (38,'INT13146',3,N'Xử lý ảnh');
INSERT INTO mon_hoc(id,mamonhoc,sotinchi,tenmonhoc) VALUES (39,'INT1450',2,N'Quản lý dự án phần mềm');
INSERT INTO mon_hoc(id,mamonhoc,sotinchi,tenmonhoc) VALUES (40,'INT1342M',3,N'Phân tích và thiết kế hệ thống thông tin');
INSERT INTO mon_hoc(id,mamonhoc,sotinchi,tenmonhoc) VALUES (41,'INT14149',3,N'IOT và ứng dụng');
-- dữ liệu bảng diem_thanh_phan
INSERT INTO diem_thanh_phan(id,diem_bai_tap,diem_chuyencan,diem_cuoi_ky,diem_thi_nghiem,diem_tong_ket,diem_trung_binh_kiem_tra_tren_lop,kihoc,nhommonhoc,quamon,user_id,id_monhoc) VALUES (1,0,9,8,0,7.9,7,1,'BAS1150-20201-03',1,1,1);
INSERT INTO diem_thanh_phan(id,diem_bai_tap,diem_chuyencan,diem_cuoi_ky,diem_thi_nghiem,diem_tong_ket,diem_trung_binh_kiem_tra_tren_lop,kihoc,nhommonhoc,quamon,user_id,id_monhoc) VALUES (2,7,9,7,0,7.3,8,1,'BAS1201-20201-03',1,1,2);
INSERT INTO diem_thanh_phan(id,diem_bai_tap,diem_chuyencan,diem_cuoi_ky,diem_thi_nghiem,diem_tong_ket,diem_trung_binh_kiem_tra_tren_lop,kihoc,nhommonhoc,quamon,user_id,id_monhoc) VALUES (3,9,10,7.5,0,8.1,9,1,'BAS1203-20201-03',1,1,3);
INSERT INTO diem_thanh_phan(id,diem_bai_tap,diem_chuyencan,diem_cuoi_ky,diem_thi_nghiem,diem_tong_ket,diem_trung_binh_kiem_tra_tren_lop,kihoc,nhommonhoc,quamon,user_id,id_monhoc) VALUES (4,7,7,8,0,7.6,6,1,'INT1154-20201-03',1,1,4);
INSERT INTO diem_thanh_phan(id,diem_bai_tap,diem_chuyencan,diem_cuoi_ky,diem_thi_nghiem,diem_tong_ket,diem_trung_binh_kiem_tra_tren_lop,kihoc,nhommonhoc,quamon,user_id,id_monhoc) VALUES (5,9,10,9,0,9.2,10,2,'BAS1226-20202-10',1,1,5);
INSERT INTO diem_thanh_phan(id,diem_bai_tap,diem_chuyencan,diem_cuoi_ky,diem_thi_nghiem,diem_tong_ket,diem_trung_binh_kiem_tra_tren_lop,kihoc,nhommonhoc,quamon,user_id,id_monhoc) VALUES (6,0,10,7.5,0,8.3,10,2,'BAS1151-20202-22',1,1,6);
INSERT INTO diem_thanh_phan(id,diem_bai_tap,diem_chuyencan,diem_cuoi_ky,diem_thi_nghiem,diem_tong_ket,diem_trung_binh_kiem_tra_tren_lop,kihoc,nhommonhoc,quamon,user_id,id_monhoc) VALUES (7,0,0,0,0,0,0,2,'BAS1157-20202-10',1,1,7);
INSERT INTO diem_thanh_phan(id,diem_bai_tap,diem_chuyencan,diem_cuoi_ky,diem_thi_nghiem,diem_tong_ket,diem_trung_binh_kiem_tra_tren_lop,kihoc,nhommonhoc,quamon,user_id,id_monhoc) VALUES (8,7,10,5,0,5.9,7,2,'BAS1204-20202-02',1,1,8);
INSERT INTO diem_thanh_phan(id,diem_bai_tap,diem_chuyencan,diem_cuoi_ky,diem_thi_nghiem,diem_tong_ket,diem_trung_binh_kiem_tra_tren_lop,kihoc,nhommonhoc,quamon,user_id,id_monhoc) VALUES (9,0,10,6.5,9.5,7.7,9,2,'BAS1224-20202-01',1,1,9);
INSERT INTO diem_thanh_phan(id,diem_bai_tap,diem_chuyencan,diem_cuoi_ky,diem_thi_nghiem,diem_tong_ket,diem_trung_binh_kiem_tra_tren_lop,kihoc,nhommonhoc,quamon,user_id,id_monhoc) VALUES (10,0,10,9,10,9.1,8,2,'INT1155-20202-23',1,1,10);
INSERT INTO diem_thanh_phan(id,diem_bai_tap,diem_chuyencan,diem_cuoi_ky,diem_thi_nghiem,diem_tong_ket,diem_trung_binh_kiem_tra_tren_lop,kihoc,nhommonhoc,quamon,user_id,id_monhoc) VALUES (11,0,10,7,8,7.7,9.5,2,'ELE1433-20202-03',1,1,11);
INSERT INTO diem_thanh_phan(id,diem_bai_tap,diem_chuyencan,diem_cuoi_ky,diem_thi_nghiem,diem_tong_ket,diem_trung_binh_kiem_tra_tren_lop,kihoc,nhommonhoc,quamon,user_id,id_monhoc) VALUES (12,0,8,6,0,6.7,8.5,3,'BAS1152-20211-15',1,1,12);
INSERT INTO diem_thanh_phan(id,diem_bai_tap,diem_chuyencan,diem_cuoi_ky,diem_thi_nghiem,diem_tong_ket,diem_trung_binh_kiem_tra_tren_lop,kihoc,nhommonhoc,quamon,user_id,id_monhoc) VALUES (13,7.5,9,7,7,7.4,9,3,'BAS1158-20211-06',1,1,13);
INSERT INTO diem_thanh_phan(id,diem_bai_tap,diem_chuyencan,diem_cuoi_ky,diem_thi_nghiem,diem_tong_ket,diem_trung_binh_kiem_tra_tren_lop,kihoc,nhommonhoc,quamon,user_id,id_monhoc) VALUES (14,0,9,6.5,8.5,7.2,7,3,'BAS1227-20211-04',1,1,14);
INSERT INTO diem_thanh_phan(id,diem_bai_tap,diem_chuyencan,diem_cuoi_ky,diem_thi_nghiem,diem_tong_ket,diem_trung_binh_kiem_tra_tren_lop,kihoc,nhommonhoc,quamon,user_id,id_monhoc) VALUES (15,10,10,8,0,8.5,9,3,'INT1358-20211-14',1,1,15);
INSERT INTO diem_thanh_phan(id,diem_bai_tap,diem_chuyencan,diem_cuoi_ky,diem_thi_nghiem,diem_tong_ket,diem_trung_binh_kiem_tra_tren_lop,kihoc,nhommonhoc,quamon,user_id,id_monhoc) VALUES (16,0,10,3,8,5.7,8,3,'INT1339-20211-01',1,1,16);
INSERT INTO diem_thanh_phan(id,diem_bai_tap,diem_chuyencan,diem_cuoi_ky,diem_thi_nghiem,diem_tong_ket,diem_trung_binh_kiem_tra_tren_lop,kihoc,nhommonhoc,quamon,user_id,id_monhoc) VALUES (17,5,9,7.5,0,6.9,6,3,'ELE1330-20211-07',1,1,17);
INSERT INTO diem_thanh_phan(id,diem_bai_tap,diem_chuyencan,diem_cuoi_ky,diem_thi_nghiem,diem_tong_ket,diem_trung_binh_kiem_tra_tren_lop,kihoc,nhommonhoc,quamon,user_id,id_monhoc) VALUES (18,0,9,7,0,7.4,8,4,'BAS1122-20212-14',1,1,18);
INSERT INTO diem_thanh_phan(id,diem_bai_tap,diem_chuyencan,diem_cuoi_ky,diem_thi_nghiem,diem_tong_ket,diem_trung_binh_kiem_tra_tren_lop,kihoc,nhommonhoc,quamon,user_id,id_monhoc) VALUES (19,0,0,0,0,6,0,4,'BAS1159-20212-18',1,1,19);
INSERT INTO diem_thanh_phan(id,diem_bai_tap,diem_chuyencan,diem_cuoi_ky,diem_thi_nghiem,diem_tong_ket,diem_trung_binh_kiem_tra_tren_lop,kihoc,nhommonhoc,quamon,user_id,id_monhoc) VALUES (20,8,10,4,0,5.8,8,4,'INT13145-20212-09',1,1,20);
INSERT INTO diem_thanh_phan(id,diem_bai_tap,diem_chuyencan,diem_cuoi_ky,diem_thi_nghiem,diem_tong_ket,diem_trung_binh_kiem_tra_tren_lop,kihoc,nhommonhoc,quamon,user_id,id_monhoc) VALUES (21,9,10,8,0,8.5,10,4,'INT1359-20212-06',1,1,21);
INSERT INTO diem_thanh_phan(id,diem_bai_tap,diem_chuyencan,diem_cuoi_ky,diem_thi_nghiem,diem_tong_ket,diem_trung_binh_kiem_tra_tren_lop,kihoc,nhommonhoc,quamon,user_id,id_monhoc) VALUES (22,0,9,6.5,5,6.7,7,4,'INT1306-20212-19',1,1,22);
INSERT INTO diem_thanh_phan(id,diem_bai_tap,diem_chuyencan,diem_cuoi_ky,diem_thi_nghiem,diem_tong_ket,diem_trung_binh_kiem_tra_tren_lop,kihoc,nhommonhoc,quamon,user_id,id_monhoc) VALUES (23,7,0,9.5,0,9,8,4,'ELE1319-20212-02',1,1,23);
INSERT INTO diem_thanh_phan(id,diem_bai_tap,diem_chuyencan,diem_cuoi_ky,diem_thi_nghiem,diem_tong_ket,diem_trung_binh_kiem_tra_tren_lop,kihoc,nhommonhoc,quamon,user_id,id_monhoc) VALUES (24,0,9.5,7,0,7.5,8,5,'BAS1153-20221-07',1,1,24);
INSERT INTO diem_thanh_phan(id,diem_bai_tap,diem_chuyencan,diem_cuoi_ky,diem_thi_nghiem,diem_tong_ket,diem_trung_binh_kiem_tra_tren_lop,kihoc,nhommonhoc,quamon,user_id,id_monhoc) VALUES (25,0,0,0,0,5.8,0,5,'BAS1160-20221-23',1,1,25);
INSERT INTO diem_thanh_phan(id,diem_bai_tap,diem_chuyencan,diem_cuoi_ky,diem_thi_nghiem,diem_tong_ket,diem_trung_binh_kiem_tra_tren_lop,kihoc,nhommonhoc,quamon,user_id,id_monhoc) VALUES (26,0,10,6,8,6.7,7,5,'INT1319-20221-03',1,1,26);
INSERT INTO diem_thanh_phan(id,diem_bai_tap,diem_chuyencan,diem_cuoi_ky,diem_thi_nghiem,diem_tong_ket,diem_trung_binh_kiem_tra_tren_lop,kihoc,nhommonhoc,quamon,user_id,id_monhoc) VALUES (27,0,10,9,8,8.9,9,5,'INT1332-20221-07',1,1,27);
INSERT INTO diem_thanh_phan(id,diem_bai_tap,diem_chuyencan,diem_cuoi_ky,diem_thi_nghiem,diem_tong_ket,diem_trung_binh_kiem_tra_tren_lop,kihoc,nhommonhoc,quamon,user_id,id_monhoc) VALUES (28,7,10,5,0,6.1,7,5,'INT1313-20221-10',1,1,28);
INSERT INTO diem_thanh_phan(id,diem_bai_tap,diem_chuyencan,diem_cuoi_ky,diem_thi_nghiem,diem_tong_ket,diem_trung_binh_kiem_tra_tren_lop,kihoc,nhommonhoc,quamon,user_id,id_monhoc) VALUES (29,9,10,9,0,8.7,7,5,'INT1336-20221-04',1,1,29);
INSERT INTO diem_thanh_phan(id,diem_bai_tap,diem_chuyencan,diem_cuoi_ky,diem_thi_nghiem,diem_tong_ket,diem_trung_binh_kiem_tra_tren_lop,kihoc,nhommonhoc,quamon,user_id,id_monhoc) VALUES (30,7.5,10,9,0,8.6,7,5,'INT13162-20221-08',1,1,30);
INSERT INTO diem_thanh_phan(id,diem_bai_tap,diem_chuyencan,diem_cuoi_ky,diem_thi_nghiem,diem_tong_ket,diem_trung_binh_kiem_tra_tren_lop,kihoc,nhommonhoc,quamon,user_id,id_monhoc) VALUES (31,0,0,0,0,0,0,6,'INT1341-20222-02',0,1,31);
INSERT INTO diem_thanh_phan(id,diem_bai_tap,diem_chuyencan,diem_cuoi_ky,diem_thi_nghiem,diem_tong_ket,diem_trung_binh_kiem_tra_tren_lop,kihoc,nhommonhoc,quamon,user_id,id_monhoc) VALUES (32,0,0,0,0,0,0,6,'INT1340-20222-10',0,1,32);
INSERT INTO diem_thanh_phan(id,diem_bai_tap,diem_chuyencan,diem_cuoi_ky,diem_thi_nghiem,diem_tong_ket,diem_trung_binh_kiem_tra_tren_lop,kihoc,nhommonhoc,quamon,user_id,id_monhoc) VALUES (33,2,1,5,4,4,3,6,'INT1303-20222-06',1,1,33);
INSERT INTO diem_thanh_phan(id,diem_bai_tap,diem_chuyencan,diem_cuoi_ky,diem_thi_nghiem,diem_tong_ket,diem_trung_binh_kiem_tra_tren_lop,kihoc,nhommonhoc,quamon,user_id,id_monhoc) VALUES (34,0,0,0,0,0,0,6,'INT1434-20222-05',0,1,34);
INSERT INTO diem_thanh_phan(id,diem_bai_tap,diem_chuyencan,diem_cuoi_ky,diem_thi_nghiem,diem_tong_ket,diem_trung_binh_kiem_tra_tren_lop,kihoc,nhommonhoc,quamon,user_id,id_monhoc) VALUES (35,0,0,0,0,0,0,6,'INT14148-20222-01',0,1,35);
INSERT INTO diem_thanh_phan(id,diem_bai_tap,diem_chuyencan,diem_cuoi_ky,diem_thi_nghiem,diem_tong_ket,diem_trung_binh_kiem_tra_tren_lop,kihoc,nhommonhoc,quamon,user_id,id_monhoc) VALUES (36,0,0,0,0,0,0,6,'INT13147-20222-1',0,1,36);
INSERT INTO diem_thanh_phan(id,diem_bai_tap,diem_chuyencan,diem_cuoi_ky,diem_thi_nghiem,diem_tong_ket,diem_trung_binh_kiem_tra_tren_lop,kihoc,nhommonhoc,quamon,user_id,id_monhoc) VALUES (37,0,0,0,0,0,0,7,NULL,0,1,37);
INSERT INTO diem_thanh_phan(id,diem_bai_tap,diem_chuyencan,diem_cuoi_ky,diem_thi_nghiem,diem_tong_ket,diem_trung_binh_kiem_tra_tren_lop,kihoc,nhommonhoc,quamon,user_id,id_monhoc) VALUES (38,0,0,0,0,0,0,7,NULL,0,1,38);
INSERT INTO diem_thanh_phan(id,diem_bai_tap,diem_chuyencan,diem_cuoi_ky,diem_thi_nghiem,diem_tong_ket,diem_trung_binh_kiem_tra_tren_lop,kihoc,nhommonhoc,quamon,user_id,id_monhoc) VALUES (39,0,0,0,0,0,0,7,NULL,0,1,39);
INSERT INTO diem_thanh_phan(id,diem_bai_tap,diem_chuyencan,diem_cuoi_ky,diem_thi_nghiem,diem_tong_ket,diem_trung_binh_kiem_tra_tren_lop,kihoc,nhommonhoc,quamon,user_id,id_monhoc) VALUES (40,0,0,0,0,0,0,7,NULL,0,1,40);
INSERT INTO diem_thanh_phan(id,diem_bai_tap,diem_chuyencan,diem_cuoi_ky,diem_thi_nghiem,diem_tong_ket,diem_trung_binh_kiem_tra_tren_lop,kihoc,nhommonhoc,quamon,user_id,id_monhoc) VALUES (41,0,0,0,0,0,0,6,'INT1303-20222-06',0,2,33);
-- dữ liệu bảng time_table
INSERT INTO time_table(id,id_giangvien,lop,ngay,phonghoc,user_id,nhommonhoc,id_monhoc) VALUES (1,100,'D20-326','2023-01-30 07:00:00.000','711-A2',1,'INT1303-20222-06',33);
INSERT INTO time_table(id,id_giangvien,lop,ngay,phonghoc,user_id,nhommonhoc,id_monhoc) VALUES (2,100,'D20-298','2023-01-30 09:00:00.000','883-A2',1,'INT1341-20222-02',31);
INSERT INTO time_table(id,id_giangvien,lop,ngay,phonghoc,user_id,nhommonhoc,id_monhoc) VALUES (3,100,'D20-074','2023-01-30 12:00:00.000','609-A2',1,'INT1340-20222-10',32);
INSERT INTO time_table(id,id_giangvien,lop,ngay,phonghoc,user_id,nhommonhoc,id_monhoc) VALUES (4,100,'D20-742','2023-01-30 14:00:00.000','918-A2',1,'INT1341-20222-02',31);
INSERT INTO time_table(id,id_giangvien,lop,ngay,phonghoc,user_id,nhommonhoc,id_monhoc) VALUES (5,100,'D20-017','2023-01-30 16:00:00.000','644-A2',1,'INT1434-20222-05',34);
INSERT INTO time_table(id,id_giangvien,lop,ngay,phonghoc,user_id,nhommonhoc,id_monhoc) VALUES (6,100,'D20-900','2023-01-30 18:00:00.000','859-A2',1,'INT1434-20222-05',34);
INSERT INTO time_table(id,id_giangvien,lop,ngay,phonghoc,user_id,nhommonhoc,id_monhoc) VALUES (7,100,'D20-727','2023-01-31 07:00:00.000','774-A2',1,'INT1341-20222-02',31);
INSERT INTO time_table(id,id_giangvien,lop,ngay,phonghoc,user_id,nhommonhoc,id_monhoc) VALUES (8,100,'D20-846','2023-01-31 09:00:00.000','726-A2',1,'INT13147-20222-1',36);
INSERT INTO time_table(id,id_giangvien,lop,ngay,phonghoc,user_id,nhommonhoc,id_monhoc) VALUES (9,100,'D20-521','2023-01-31 12:00:00.000','037-A2',1,'INT1434-20222-05',34);
INSERT INTO time_table(id,id_giangvien,lop,ngay,phonghoc,user_id,nhommonhoc,id_monhoc) VALUES (10,100,'D20-898','2023-01-31 14:00:00.000','368-A2',1,'INT1303-20222-06',33);
INSERT INTO time_table(id,id_giangvien,lop,ngay,phonghoc,user_id,nhommonhoc,id_monhoc) VALUES (11,100,'D20-373','2023-01-31 16:00:00.000','970-A2',1,'INT1434-20222-05',34);
INSERT INTO time_table(id,id_giangvien,lop,ngay,phonghoc,user_id,nhommonhoc,id_monhoc) VALUES (12,100,'D20-455','2023-01-31 18:00:00.000','751-A2',1,'INT1434-20222-05',34);
INSERT INTO time_table(id,id_giangvien,lop,ngay,phonghoc,user_id,nhommonhoc,id_monhoc) VALUES (13,100,'D20-286','2023-02-01 07:00:00.000','104-A2',1,'INT1303-20222-06',33);
INSERT INTO time_table(id,id_giangvien,lop,ngay,phonghoc,user_id,nhommonhoc,id_monhoc) VALUES (14,100,'D20-243','2023-02-01 09:00:00.000','047-A2',1,'INT13147-20222-1',36);
INSERT INTO time_table(id,id_giangvien,lop,ngay,phonghoc,user_id,nhommonhoc,id_monhoc) VALUES (15,100,'D20-789','2023-02-01 12:00:00.000','706-A2',1,'INT1341-20222-02',31);
INSERT INTO time_table(id,id_giangvien,lop,ngay,phonghoc,user_id,nhommonhoc,id_monhoc) VALUES (16,100,'D20-072','2023-02-01 14:00:00.000','026-A2',1,'INT1434-20222-05',34);
INSERT INTO time_table(id,id_giangvien,lop,ngay,phonghoc,user_id,nhommonhoc,id_monhoc) VALUES (17,100,'D20-290','2023-02-01 16:00:00.000','604-A2',1,'INT13147-20222-1',36);
INSERT INTO time_table(id,id_giangvien,lop,ngay,phonghoc,user_id,nhommonhoc,id_monhoc) VALUES (18,100,'D20-593','2023-02-01 18:00:00.000','362-A2',1,'INT13147-20222-1',36);
INSERT INTO time_table(id,id_giangvien,lop,ngay,phonghoc,user_id,nhommonhoc,id_monhoc) VALUES (19,100,'D20-800','2023-02-02 07:00:00.000','640-A2',1,'INT1341-20222-02',31);
INSERT INTO time_table(id,id_giangvien,lop,ngay,phonghoc,user_id,nhommonhoc,id_monhoc) VALUES (20,100,'D20-391','2023-02-02 09:00:00.000','802-A2',1,'INT1434-20222-05',34);
INSERT INTO time_table(id,id_giangvien,lop,ngay,phonghoc,user_id,nhommonhoc,id_monhoc) VALUES (21,100,'D20-015','2023-02-02 12:00:00.000','536-A2',1,'INT14148-20222-01',35);
INSERT INTO time_table(id,id_giangvien,lop,ngay,phonghoc,user_id,nhommonhoc,id_monhoc) VALUES (22,100,'D20-174','2023-02-02 14:00:00.000','500-A2',1,'INT1434-20222-05',34);
INSERT INTO time_table(id,id_giangvien,lop,ngay,phonghoc,user_id,nhommonhoc,id_monhoc) VALUES (23,100,'D20-578','2023-02-02 16:00:00.000','372-A2',1,'INT1340-20222-10',32);
INSERT INTO time_table(id,id_giangvien,lop,ngay,phonghoc,user_id,nhommonhoc,id_monhoc) VALUES (24,100,'D20-272','2023-02-02 18:00:00.000','039-A2',1,'INT14148-20222-01',35);
INSERT INTO time_table(id,id_giangvien,lop,ngay,phonghoc,user_id,nhommonhoc,id_monhoc) VALUES (25,100,'D20-924','2023-02-03 07:00:00.000','080-A2',1,'INT1341-20222-02',31);
INSERT INTO time_table(id,id_giangvien,lop,ngay,phonghoc,user_id,nhommonhoc,id_monhoc) VALUES (26,100,'D20-267','2023-02-03 09:00:00.000','328-A2',1,'INT1341-20222-02',31);
INSERT INTO time_table(id,id_giangvien,lop,ngay,phonghoc,user_id,nhommonhoc,id_monhoc) VALUES (27,100,'D20-650','2023-02-03 12:00:00.000','643-A2',1,'INT1341-20222-02',31);
INSERT INTO time_table(id,id_giangvien,lop,ngay,phonghoc,user_id,nhommonhoc,id_monhoc) VALUES (28,100,'D20-697','2023-02-03 14:00:00.000','686-A2',1,'INT14148-20222-01',35);
INSERT INTO time_table(id,id_giangvien,lop,ngay,phonghoc,user_id,nhommonhoc,id_monhoc) VALUES (29,100,'D20-577','2023-02-03 16:00:00.000','327-A2',1,'INT14148-20222-01',35);
INSERT INTO time_table(id,id_giangvien,lop,ngay,phonghoc,user_id,nhommonhoc,id_monhoc) VALUES (30,100,'D20-184','2023-02-03 18:00:00.000','029-A2',1,'INT1341-20222-02',31);
INSERT INTO time_table(id,id_giangvien,lop,ngay,phonghoc,user_id,nhommonhoc,id_monhoc) VALUES (31,100,'D20-849','2023-02-04 07:00:00.000','266-A2',1,'INT14148-20222-01',35);
INSERT INTO time_table(id,id_giangvien,lop,ngay,phonghoc,user_id,nhommonhoc,id_monhoc) VALUES (32,100,'D20-524','2023-02-04 09:00:00.000','793-A2',1,'INT14148-20222-01',35);
INSERT INTO time_table(id,id_giangvien,lop,ngay,phonghoc,user_id,nhommonhoc,id_monhoc) VALUES (33,100,'D20-377','2023-02-04 12:00:00.000','185-A2',1,'INT1434-20222-05',34);
INSERT INTO time_table(id,id_giangvien,lop,ngay,phonghoc,user_id,nhommonhoc,id_monhoc) VALUES (34,100,'D20-332','2023-02-04 14:00:00.000','442-A2',1,'INT1434-20222-05',34);
INSERT INTO time_table(id,id_giangvien,lop,ngay,phonghoc,user_id,nhommonhoc,id_monhoc) VALUES (35,100,'D20-692','2023-02-04 16:00:00.000','058-A2',1,'INT1434-20222-05',34);
INSERT INTO time_table(id,id_giangvien,lop,ngay,phonghoc,user_id,nhommonhoc,id_monhoc) VALUES (36,100,'D20-367','2023-02-04 18:00:00.000','958-A2',1,'INT14148-20222-01',35);
INSERT INTO time_table(id,id_giangvien,lop,ngay,phonghoc,user_id,nhommonhoc,id_monhoc) VALUES (37,100,'D20-047','2023-02-05 07:00:00.000','797-A2',1,'INT14148-20222-01',35);
INSERT INTO time_table(id,id_giangvien,lop,ngay,phonghoc,user_id,nhommonhoc,id_monhoc) VALUES (38,100,'D20-578','2023-02-05 09:00:00.000','404-A2',1,'INT1303-20222-06',33);
INSERT INTO time_table(id,id_giangvien,lop,ngay,phonghoc,user_id,nhommonhoc,id_monhoc) VALUES (39,100,'D20-791','2023-02-05 12:00:00.000','094-A2',1,'INT1341-20222-02',31);
INSERT INTO time_table(id,id_giangvien,lop,ngay,phonghoc,user_id,nhommonhoc,id_monhoc) VALUES (40,100,'D20-749','2023-02-05 14:00:00.000','327-A2',1,'INT14148-20222-01',35);
INSERT INTO time_table(id,id_giangvien,lop,ngay,phonghoc,user_id,nhommonhoc,id_monhoc) VALUES (41,100,'D20-564','2023-02-05 16:00:00.000','724-A2',1,'INT1303-20222-06',33);
INSERT INTO time_table(id,id_giangvien,lop,ngay,phonghoc,user_id,nhommonhoc,id_monhoc) VALUES (42,100,'D20-281','2023-02-05 18:00:00.000','771-A2',1,'INT1340-20222-10',32);
INSERT INTO time_table(id,id_giangvien,lop,ngay,phonghoc,user_id,nhommonhoc,id_monhoc) VALUES (43,100,'D20-978','2023-02-06 07:00:00.000','071-A2',1,'INT14148-20222-01',35);
INSERT INTO time_table(id,id_giangvien,lop,ngay,phonghoc,user_id,nhommonhoc,id_monhoc) VALUES (44,100,'D20-073','2023-02-06 09:00:00.000','522-A2',1,'INT1303-20222-06',33);
INSERT INTO time_table(id,id_giangvien,lop,ngay,phonghoc,user_id,nhommonhoc,id_monhoc) VALUES (45,100,'D20-709','2023-02-06 12:00:00.000','565-A2',1,'INT13147-20222-1',36);
INSERT INTO time_table(id,id_giangvien,lop,ngay,phonghoc,user_id,nhommonhoc,id_monhoc) VALUES (46,100,'D20-304','2023-02-06 14:00:00.000','243-A2',1,'INT13147-20222-1',36);
INSERT INTO time_table(id,id_giangvien,lop,ngay,phonghoc,user_id,nhommonhoc,id_monhoc) VALUES (47,100,'D20-704','2023-02-06 16:00:00.000','371-A2',1,'INT1340-20222-10',32);
INSERT INTO time_table(id,id_giangvien,lop,ngay,phonghoc,user_id,nhommonhoc,id_monhoc) VALUES (48,100,'D20-017','2023-02-06 18:00:00.000','487-A2',1,'INT1340-20222-10',32);
INSERT INTO time_table(id,id_giangvien,lop,ngay,phonghoc,user_id,nhommonhoc,id_monhoc) VALUES (49,100,'D20-946','2023-02-07 07:00:00.000','120-A2',1,'INT1434-20222-05',34);
INSERT INTO time_table(id,id_giangvien,lop,ngay,phonghoc,user_id,nhommonhoc,id_monhoc) VALUES (50,100,'D20-610','2023-02-07 09:00:00.000','457-A2',1,'INT1341-20222-02',31);
INSERT INTO time_table(id,id_giangvien,lop,ngay,phonghoc,user_id,nhommonhoc,id_monhoc) VALUES (51,100,'D20-742','2023-02-07 12:00:00.000','998-A2',1,'INT1341-20222-02',31);
INSERT INTO time_table(id,id_giangvien,lop,ngay,phonghoc,user_id,nhommonhoc,id_monhoc) VALUES (52,100,'D20-859','2023-02-07 14:00:00.000','755-A2',1,'INT1434-20222-05',34);
INSERT INTO time_table(id,id_giangvien,lop,ngay,phonghoc,user_id,nhommonhoc,id_monhoc) VALUES (53,100,'D20-268','2023-02-07 16:00:00.000','881-A2',1,'INT13147-20222-1',36);
INSERT INTO time_table(id,id_giangvien,lop,ngay,phonghoc,user_id,nhommonhoc,id_monhoc) VALUES (54,100,'D20-288','2023-02-07 18:00:00.000','409-A2',1,'INT1341-20222-02',31);
INSERT INTO time_table(id,id_giangvien,lop,ngay,phonghoc,user_id,nhommonhoc,id_monhoc) VALUES (55,100,'D20-798','2023-02-08 07:00:00.000','928-A2',1,'INT1434-20222-05',34);
INSERT INTO time_table(id,id_giangvien,lop,ngay,phonghoc,user_id,nhommonhoc,id_monhoc) VALUES (56,100,'D20-181','2023-02-08 09:00:00.000','944-A2',1,'INT1341-20222-02',31);
INSERT INTO time_table(id,id_giangvien,lop,ngay,phonghoc,user_id,nhommonhoc,id_monhoc) VALUES (57,100,'D20-666','2023-02-08 12:00:00.000','253-A2',1,'INT1434-20222-05',34);
INSERT INTO time_table(id,id_giangvien,lop,ngay,phonghoc,user_id,nhommonhoc,id_monhoc) VALUES (58,100,'D20-736','2023-02-08 14:00:00.000','293-A2',1,'INT1434-20222-05',34);
INSERT INTO time_table(id,id_giangvien,lop,ngay,phonghoc,user_id,nhommonhoc,id_monhoc) VALUES (59,100,'D20-678','2023-02-08 16:00:00.000','695-A2',1,'INT1341-20222-02',31);
INSERT INTO time_table(id,id_giangvien,lop,ngay,phonghoc,user_id,nhommonhoc,id_monhoc) VALUES (60,100,'D20-592','2023-02-08 18:00:00.000','908-A2',1,'INT1434-20222-05',34);
INSERT INTO time_table(id,id_giangvien,lop,ngay,phonghoc,user_id,nhommonhoc,id_monhoc) VALUES (61,100,'D20-170','2023-02-09 07:00:00.000','941-A2',1,'INT1434-20222-05',34);
INSERT INTO time_table(id,id_giangvien,lop,ngay,phonghoc,user_id,nhommonhoc,id_monhoc) VALUES (62,100,'D20-243','2023-02-09 09:00:00.000','874-A2',1,'INT1303-20222-06',33);
INSERT INTO time_table(id,id_giangvien,lop,ngay,phonghoc,user_id,nhommonhoc,id_monhoc) VALUES (63,100,'D20-089','2023-02-09 12:00:00.000','266-A2',1,'INT14148-20222-01',35);
INSERT INTO time_table(id,id_giangvien,lop,ngay,phonghoc,user_id,nhommonhoc,id_monhoc) VALUES (64,100,'D20-986','2023-02-09 14:00:00.000','684-A2',1,'INT1303-20222-06',33);
INSERT INTO time_table(id,id_giangvien,lop,ngay,phonghoc,user_id,nhommonhoc,id_monhoc) VALUES (65,100,'D20-850','2023-02-09 16:00:00.000','910-A2',1,'INT1434-20222-05',34);
INSERT INTO time_table(id,id_giangvien,lop,ngay,phonghoc,user_id,nhommonhoc,id_monhoc) VALUES (66,100,'D20-798','2023-02-09 18:00:00.000','140-A2',1,'INT14148-20222-01',35);
INSERT INTO time_table(id,id_giangvien,lop,ngay,phonghoc,user_id,nhommonhoc,id_monhoc) VALUES (67,100,'D20-125','2023-02-10 07:00:00.000','261-A2',1,'INT1340-20222-10',32);
INSERT INTO time_table(id,id_giangvien,lop,ngay,phonghoc,user_id,nhommonhoc,id_monhoc) VALUES (68,100,'D20-842','2023-02-10 09:00:00.000','553-A2',1,'INT14148-20222-01',35);
INSERT INTO time_table(id,id_giangvien,lop,ngay,phonghoc,user_id,nhommonhoc,id_monhoc) VALUES (69,100,'D20-894','2023-02-10 12:00:00.000','416-A2',1,'INT1340-20222-10',32);
INSERT INTO time_table(id,id_giangvien,lop,ngay,phonghoc,user_id,nhommonhoc,id_monhoc) VALUES (70,100,'D20-623','2023-02-10 14:00:00.000','969-A2',1,'INT1341-20222-02',31);
INSERT INTO time_table(id,id_giangvien,lop,ngay,phonghoc,user_id,nhommonhoc,id_monhoc) VALUES (71,100,'D20-072','2023-02-10 16:00:00.000','447-A2',1,'INT13147-20222-1',36);
INSERT INTO time_table(id,id_giangvien,lop,ngay,phonghoc,user_id,nhommonhoc,id_monhoc) VALUES (72,100,'D20-357','2023-02-10 18:00:00.000','486-A2',1,'INT1434-20222-05',34);
INSERT INTO time_table(id,id_giangvien,lop,ngay,phonghoc,user_id,nhommonhoc,id_monhoc) VALUES (73,100,'D20-523','2023-02-11 07:00:00.000','828-A2',1,'INT14148-20222-01',35);
INSERT INTO time_table(id,id_giangvien,lop,ngay,phonghoc,user_id,nhommonhoc,id_monhoc) VALUES (74,100,'D20-232','2023-02-11 09:00:00.000','990-A2',1,'INT1434-20222-05',34);
INSERT INTO time_table(id,id_giangvien,lop,ngay,phonghoc,user_id,nhommonhoc,id_monhoc) VALUES (75,100,'D20-888','2023-02-11 12:00:00.000','945-A2',1,'INT13147-20222-1',36);
INSERT INTO time_table(id,id_giangvien,lop,ngay,phonghoc,user_id,nhommonhoc,id_monhoc) VALUES (76,100,'D20-697','2023-02-11 14:00:00.000','573-A2',1,'INT1340-20222-10',32);
INSERT INTO time_table(id,id_giangvien,lop,ngay,phonghoc,user_id,nhommonhoc,id_monhoc) VALUES (77,100,'D20-155','2023-02-11 16:00:00.000','285-A2',1,'INT1340-20222-10',32);
INSERT INTO time_table(id,id_giangvien,lop,ngay,phonghoc,user_id,nhommonhoc,id_monhoc) VALUES (78,100,'D20-787','2023-02-11 18:00:00.000','270-A2',1,'INT14148-20222-01',35);
INSERT INTO time_table(id,id_giangvien,lop,ngay,phonghoc,user_id,nhommonhoc,id_monhoc) VALUES (79,100,'D20-311','2023-02-12 07:00:00.000','501-A2',1,'INT13147-20222-1',36);
INSERT INTO time_table(id,id_giangvien,lop,ngay,phonghoc,user_id,nhommonhoc,id_monhoc) VALUES (80,100,'D20-113','2023-02-12 09:00:00.000','409-A2',1,'INT1434-20222-05',34);
INSERT INTO time_table(id,id_giangvien,lop,ngay,phonghoc,user_id,nhommonhoc,id_monhoc) VALUES (81,100,'D20-097','2023-02-12 12:00:00.000','308-A2',1,'INT1341-20222-02',31);
INSERT INTO time_table(id,id_giangvien,lop,ngay,phonghoc,user_id,nhommonhoc,id_monhoc) VALUES (82,100,'D20-227','2023-02-12 14:00:00.000','616-A2',1,'INT1341-20222-02',31);
INSERT INTO time_table(id,id_giangvien,lop,ngay,phonghoc,user_id,nhommonhoc,id_monhoc) VALUES (83,100,'D20-017','2023-02-12 16:00:00.000','013-A2',1,'INT1340-20222-10',32);
INSERT INTO time_table(id,id_giangvien,lop,ngay,phonghoc,user_id,nhommonhoc,id_monhoc) VALUES (84,100,'D20-984','2023-02-12 18:00:00.000','945-A2',1,'INT1303-20222-06',33);
INSERT INTO time_table(id,id_giangvien,lop,ngay,phonghoc,user_id,nhommonhoc,id_monhoc) VALUES (85,100,'D20-044','2023-02-13 07:00:00.000','168-A2',1,'INT1434-20222-05',34);
INSERT INTO time_table(id,id_giangvien,lop,ngay,phonghoc,user_id,nhommonhoc,id_monhoc) VALUES (86,100,'D20-020','2023-02-13 09:00:00.000','513-A2',1,'INT1341-20222-02',31);
INSERT INTO time_table(id,id_giangvien,lop,ngay,phonghoc,user_id,nhommonhoc,id_monhoc) VALUES (87,100,'D20-181','2023-02-13 12:00:00.000','204-A2',1,'INT1434-20222-05',34);
INSERT INTO time_table(id,id_giangvien,lop,ngay,phonghoc,user_id,nhommonhoc,id_monhoc) VALUES (88,100,'D20-133','2023-02-13 14:00:00.000','991-A2',1,'INT1341-20222-02',31);
INSERT INTO time_table(id,id_giangvien,lop,ngay,phonghoc,user_id,nhommonhoc,id_monhoc) VALUES (89,100,'D20-276','2023-02-13 16:00:00.000','772-A2',1,'INT1303-20222-06',33);
INSERT INTO time_table(id,id_giangvien,lop,ngay,phonghoc,user_id,nhommonhoc,id_monhoc) VALUES (90,100,'D20-377','2023-02-13 18:00:00.000','459-A2',1,'INT1434-20222-05',34);
INSERT INTO time_table(id,id_giangvien,lop,ngay,phonghoc,user_id,nhommonhoc,id_monhoc) VALUES (91,100,'D20-371','2023-02-14 07:00:00.000','774-A2',1,'INT1434-20222-05',34);
INSERT INTO time_table(id,id_giangvien,lop,ngay,phonghoc,user_id,nhommonhoc,id_monhoc) VALUES (92,100,'D20-337','2023-02-14 09:00:00.000','001-A2',1,'INT1341-20222-02',31);
INSERT INTO time_table(id,id_giangvien,lop,ngay,phonghoc,user_id,nhommonhoc,id_monhoc) VALUES (93,100,'D20-440','2023-02-14 12:00:00.000','892-A2',1,'INT1341-20222-02',31);
INSERT INTO time_table(id,id_giangvien,lop,ngay,phonghoc,user_id,nhommonhoc,id_monhoc) VALUES (94,100,'D20-889','2023-02-14 14:00:00.000','029-A2',1,'INT1434-20222-05',34);
INSERT INTO time_table(id,id_giangvien,lop,ngay,phonghoc,user_id,nhommonhoc,id_monhoc) VALUES (95,100,'D20-462','2023-02-14 16:00:00.000','921-A2',1,'INT1434-20222-05',34);
INSERT INTO time_table(id,id_giangvien,lop,ngay,phonghoc,user_id,nhommonhoc,id_monhoc) VALUES (96,100,'D20-595','2023-02-14 18:00:00.000','189-A2',1,'INT1341-20222-02',31);
INSERT INTO time_table(id,id_giangvien,lop,ngay,phonghoc,user_id,nhommonhoc,id_monhoc) VALUES (97,100,'D20-876','2023-02-15 07:00:00.000','456-A2',1,'INT1434-20222-05',34);
INSERT INTO time_table(id,id_giangvien,lop,ngay,phonghoc,user_id,nhommonhoc,id_monhoc) VALUES (98,100,'D20-726','2023-02-15 09:00:00.000','088-A2',1,'INT14148-20222-01',35);
INSERT INTO time_table(id,id_giangvien,lop,ngay,phonghoc,user_id,nhommonhoc,id_monhoc) VALUES (99,100,'D20-715','2023-02-15 12:00:00.000','425-A2',1,'INT1340-20222-10',32);
INSERT INTO time_table(id,id_giangvien,lop,ngay,phonghoc,user_id,nhommonhoc,id_monhoc) VALUES (100,100,'D20-378','2023-02-15 14:00:00.000','292-A2',1,'INT1340-20222-10',32);
INSERT INTO time_table(id,id_giangvien,lop,ngay,phonghoc,user_id,nhommonhoc,id_monhoc) VALUES (101,100,'D20-257','2023-02-15 16:00:00.000','965-A2',1,'INT1434-20222-05',34);
INSERT INTO time_table(id,id_giangvien,lop,ngay,phonghoc,user_id,nhommonhoc,id_monhoc) VALUES (102,100,'D20-507','2023-02-15 18:00:00.000','544-A2',1,'INT1303-20222-06',33);
INSERT INTO time_table(id,id_giangvien,lop,ngay,phonghoc,user_id,nhommonhoc,id_monhoc) VALUES (103,100,'D20-243','2023-02-16 07:00:00.000','291-A2',1,'INT13147-20222-1',36);
INSERT INTO time_table(id,id_giangvien,lop,ngay,phonghoc,user_id,nhommonhoc,id_monhoc) VALUES (104,100,'D20-307','2023-02-16 09:00:00.000','983-A2',1,'INT1341-20222-02',31);
INSERT INTO time_table(id,id_giangvien,lop,ngay,phonghoc,user_id,nhommonhoc,id_monhoc) VALUES (105,100,'D20-328','2023-02-16 12:00:00.000','897-A2',1,'INT1341-20222-02',31);
INSERT INTO time_table(id,id_giangvien,lop,ngay,phonghoc,user_id,nhommonhoc,id_monhoc) VALUES (106,100,'D20-204','2023-02-16 14:00:00.000','777-A2',1,'INT13147-20222-1',36);
INSERT INTO time_table(id,id_giangvien,lop,ngay,phonghoc,user_id,nhommonhoc,id_monhoc) VALUES (107,100,'D20-782','2023-02-16 16:00:00.000','025-A2',1,'INT13147-20222-1',36);
INSERT INTO time_table(id,id_giangvien,lop,ngay,phonghoc,user_id,nhommonhoc,id_monhoc) VALUES (108,100,'D20-589','2023-02-16 18:00:00.000','349-A2',1,'INT14148-20222-01',35);
INSERT INTO time_table(id,id_giangvien,lop,ngay,phonghoc,user_id,nhommonhoc,id_monhoc) VALUES (109,100,'D20-831','2023-02-17 07:00:00.000','256-A2',1,'INT14148-20222-01',35);
INSERT INTO time_table(id,id_giangvien,lop,ngay,phonghoc,user_id,nhommonhoc,id_monhoc) VALUES (110,100,'D20-208','2023-02-17 09:00:00.000','232-A2',1,'INT1434-20222-05',34);
INSERT INTO time_table(id,id_giangvien,lop,ngay,phonghoc,user_id,nhommonhoc,id_monhoc) VALUES (111,100,'D20-211','2023-02-17 12:00:00.000','724-A2',1,'INT1340-20222-10',32);
INSERT INTO time_table(id,id_giangvien,lop,ngay,phonghoc,user_id,nhommonhoc,id_monhoc) VALUES (112,100,'D20-205','2023-02-17 14:00:00.000','054-A2',1,'INT14148-20222-01',35);
INSERT INTO time_table(id,id_giangvien,lop,ngay,phonghoc,user_id,nhommonhoc,id_monhoc) VALUES (113,100,'D20-157','2023-02-17 16:00:00.000','089-A2',1,'INT14148-20222-01',35);
INSERT INTO time_table(id,id_giangvien,lop,ngay,phonghoc,user_id,nhommonhoc,id_monhoc) VALUES (114,100,'D20-876','2023-02-17 18:00:00.000','565-A2',1,'INT14148-20222-01',35);
INSERT INTO time_table(id,id_giangvien,lop,ngay,phonghoc,user_id,nhommonhoc,id_monhoc) VALUES (115,100,'D20-893','2023-02-18 07:00:00.000','848-A2',1,'INT1303-20222-06',33);
INSERT INTO time_table(id,id_giangvien,lop,ngay,phonghoc,user_id,nhommonhoc,id_monhoc) VALUES (116,100,'D20-866','2023-02-18 09:00:00.000','385-A2',1,'INT13147-20222-1',36);
INSERT INTO time_table(id,id_giangvien,lop,ngay,phonghoc,user_id,nhommonhoc,id_monhoc) VALUES (117,100,'D20-504','2023-02-18 12:00:00.000','691-A2',1,'INT1341-20222-02',31);
INSERT INTO time_table(id,id_giangvien,lop,ngay,phonghoc,user_id,nhommonhoc,id_monhoc) VALUES (118,100,'D20-223','2023-02-18 14:00:00.000','769-A2',1,'INT14148-20222-01',35);
INSERT INTO time_table(id,id_giangvien,lop,ngay,phonghoc,user_id,nhommonhoc,id_monhoc) VALUES (119,100,'D20-901','2023-02-18 16:00:00.000','759-A2',1,'INT1303-20222-06',33);
INSERT INTO time_table(id,id_giangvien,lop,ngay,phonghoc,user_id,nhommonhoc,id_monhoc) VALUES (120,100,'D20-276','2023-02-18 18:00:00.000','160-A2',1,'INT1341-20222-02',31);
INSERT INTO time_table(id,id_giangvien,lop,ngay,phonghoc,user_id,nhommonhoc,id_monhoc) VALUES (121,100,'D20-602','2023-02-19 07:00:00.000','984-A2',1,'INT14148-20222-01',35);
INSERT INTO time_table(id,id_giangvien,lop,ngay,phonghoc,user_id,nhommonhoc,id_monhoc) VALUES (122,100,'D20-123','2023-02-19 09:00:00.000','943-A2',1,'INT1434-20222-05',34);
INSERT INTO time_table(id,id_giangvien,lop,ngay,phonghoc,user_id,nhommonhoc,id_monhoc) VALUES (123,100,'D20-201','2023-02-19 12:00:00.000','144-A2',1,'INT1434-20222-05',34);
INSERT INTO time_table(id,id_giangvien,lop,ngay,phonghoc,user_id,nhommonhoc,id_monhoc) VALUES (124,100,'D20-248','2023-02-19 14:00:00.000','902-A2',1,'INT13147-20222-1',36);
INSERT INTO time_table(id,id_giangvien,lop,ngay,phonghoc,user_id,nhommonhoc,id_monhoc) VALUES (125,100,'D20-529','2023-02-19 16:00:00.000','763-A2',1,'INT1340-20222-10',32);
INSERT INTO time_table(id,id_giangvien,lop,ngay,phonghoc,user_id,nhommonhoc,id_monhoc) VALUES (126,100,'D20-050','2023-02-19 18:00:00.000','145-A2',1,'INT1341-20222-02',31);
INSERT INTO time_table(id,id_giangvien,lop,ngay,phonghoc,user_id,nhommonhoc,id_monhoc) VALUES (127,100,'D20-420','2023-02-20 07:00:00.000','004-A2',1,'INT1341-20222-02',31);
INSERT INTO time_table(id,id_giangvien,lop,ngay,phonghoc,user_id,nhommonhoc,id_monhoc) VALUES (128,100,'D20-216','2023-02-20 09:00:00.000','495-A2',1,'INT13147-20222-1',36);
INSERT INTO time_table(id,id_giangvien,lop,ngay,phonghoc,user_id,nhommonhoc,id_monhoc) VALUES (129,100,'D20-550','2023-02-20 12:00:00.000','526-A2',1,'INT1434-20222-05',34);
INSERT INTO time_table(id,id_giangvien,lop,ngay,phonghoc,user_id,nhommonhoc,id_monhoc) VALUES (130,100,'D20-072','2023-02-20 14:00:00.000','384-A2',1,'INT13147-20222-1',36);
INSERT INTO time_table(id,id_giangvien,lop,ngay,phonghoc,user_id,nhommonhoc,id_monhoc) VALUES (131,100,'D20-146','2023-02-20 16:00:00.000','843-A2',1,'INT1303-20222-06',33);
INSERT INTO time_table(id,id_giangvien,lop,ngay,phonghoc,user_id,nhommonhoc,id_monhoc) VALUES (132,100,'D20-239','2023-02-20 18:00:00.000','998-A2',1,'INT14148-20222-01',35);
INSERT INTO time_table(id,id_giangvien,lop,ngay,phonghoc,user_id,nhommonhoc,id_monhoc) VALUES (133,100,'D20-149','2023-02-21 07:00:00.000','212-A2',1,'INT1341-20222-02',31);
INSERT INTO time_table(id,id_giangvien,lop,ngay,phonghoc,user_id,nhommonhoc,id_monhoc) VALUES (134,100,'D20-276','2023-02-21 09:00:00.000','152-A2',1,'INT1341-20222-02',31);
INSERT INTO time_table(id,id_giangvien,lop,ngay,phonghoc,user_id,nhommonhoc,id_monhoc) VALUES (135,100,'D20-887','2023-02-21 12:00:00.000','511-A2',1,'INT1303-20222-06',33);
INSERT INTO time_table(id,id_giangvien,lop,ngay,phonghoc,user_id,nhommonhoc,id_monhoc) VALUES (136,100,'D20-988','2023-02-21 14:00:00.000','134-A2',1,'INT1341-20222-02',31);
INSERT INTO time_table(id,id_giangvien,lop,ngay,phonghoc,user_id,nhommonhoc,id_monhoc) VALUES (137,100,'D20-532','2023-02-21 16:00:00.000','894-A2',1,'INT13147-20222-1',36);
INSERT INTO time_table(id,id_giangvien,lop,ngay,phonghoc,user_id,nhommonhoc,id_monhoc) VALUES (138,100,'D20-568','2023-02-21 18:00:00.000','358-A2',1,'INT14148-20222-01',35);
INSERT INTO time_table(id,id_giangvien,lop,ngay,phonghoc,user_id,nhommonhoc,id_monhoc) VALUES (139,100,'D20-137','2023-02-22 07:00:00.000','488-A2',1,'INT1303-20222-06',33);
INSERT INTO time_table(id,id_giangvien,lop,ngay,phonghoc,user_id,nhommonhoc,id_monhoc) VALUES (140,100,'D20-670','2023-02-22 09:00:00.000','753-A2',1,'INT1434-20222-05',34);
INSERT INTO time_table(id,id_giangvien,lop,ngay,phonghoc,user_id,nhommonhoc,id_monhoc) VALUES (141,100,'D20-753','2023-02-22 12:00:00.000','051-A2',1,'INT1340-20222-10',32);
INSERT INTO time_table(id,id_giangvien,lop,ngay,phonghoc,user_id,nhommonhoc,id_monhoc) VALUES (142,100,'D20-501','2023-02-22 14:00:00.000','646-A2',1,'INT14148-20222-01',35);
INSERT INTO time_table(id,id_giangvien,lop,ngay,phonghoc,user_id,nhommonhoc,id_monhoc) VALUES (143,100,'D20-871','2023-02-22 16:00:00.000','637-A2',1,'INT13147-20222-1',36);
INSERT INTO time_table(id,id_giangvien,lop,ngay,phonghoc,user_id,nhommonhoc,id_monhoc) VALUES (144,100,'D20-977','2023-02-22 18:00:00.000','246-A2',1,'INT14148-20222-01',35);
INSERT INTO time_table(id,id_giangvien,lop,ngay,phonghoc,user_id,nhommonhoc,id_monhoc) VALUES (145,100,'D20-767','2023-02-23 07:00:00.000','987-A2',1,'INT13147-20222-1',36);
INSERT INTO time_table(id,id_giangvien,lop,ngay,phonghoc,user_id,nhommonhoc,id_monhoc) VALUES (146,100,'D20-554','2023-02-23 09:00:00.000','843-A2',1,'INT1434-20222-05',34);
INSERT INTO time_table(id,id_giangvien,lop,ngay,phonghoc,user_id,nhommonhoc,id_monhoc) VALUES (147,100,'D20-788','2023-02-23 12:00:00.000','566-A2',1,'INT13147-20222-1',36);
INSERT INTO time_table(id,id_giangvien,lop,ngay,phonghoc,user_id,nhommonhoc,id_monhoc) VALUES (148,100,'D20-966','2023-02-23 14:00:00.000','159-A2',1,'INT1341-20222-02',31);
INSERT INTO time_table(id,id_giangvien,lop,ngay,phonghoc,user_id,nhommonhoc,id_monhoc) VALUES (149,100,'D20-888','2023-02-23 16:00:00.000','787-A2',1,'INT1434-20222-05',34);
INSERT INTO time_table(id,id_giangvien,lop,ngay,phonghoc,user_id,nhommonhoc,id_monhoc) VALUES (150,100,'D20-003','2023-02-23 18:00:00.000','071-A2',1,'INT1341-20222-02',31);
INSERT INTO time_table(id,id_giangvien,lop,ngay,phonghoc,user_id,nhommonhoc,id_monhoc) VALUES (151,100,'D20-044','2023-02-24 07:00:00.000','761-A2',1,'INT1434-20222-05',34);
INSERT INTO time_table(id,id_giangvien,lop,ngay,phonghoc,user_id,nhommonhoc,id_monhoc) VALUES (152,100,'D20-566','2023-02-24 09:00:00.000','388-A2',1,'INT1434-20222-05',34);
INSERT INTO time_table(id,id_giangvien,lop,ngay,phonghoc,user_id,nhommonhoc,id_monhoc) VALUES (153,100,'D20-467','2023-02-24 12:00:00.000','027-A2',1,'INT1434-20222-05',34);
INSERT INTO time_table(id,id_giangvien,lop,ngay,phonghoc,user_id,nhommonhoc,id_monhoc) VALUES (154,100,'D20-471','2023-02-24 14:00:00.000','014-A2',1,'INT1340-20222-10',32);
INSERT INTO time_table(id,id_giangvien,lop,ngay,phonghoc,user_id,nhommonhoc,id_monhoc) VALUES (155,100,'D20-443','2023-02-24 16:00:00.000','689-A2',1,'INT1341-20222-02',31);
INSERT INTO time_table(id,id_giangvien,lop,ngay,phonghoc,user_id,nhommonhoc,id_monhoc) VALUES (156,100,'D20-599','2023-02-24 18:00:00.000','365-A2',1,'INT1434-20222-05',34);
INSERT INTO time_table(id,id_giangvien,lop,ngay,phonghoc,user_id,nhommonhoc,id_monhoc) VALUES (157,100,'D20-887','2023-02-25 07:00:00.000','708-A2',1,'INT1340-20222-10',32);
INSERT INTO time_table(id,id_giangvien,lop,ngay,phonghoc,user_id,nhommonhoc,id_monhoc) VALUES (158,100,'D20-798','2023-02-25 09:00:00.000','317-A2',1,'INT1303-20222-06',33);
INSERT INTO time_table(id,id_giangvien,lop,ngay,phonghoc,user_id,nhommonhoc,id_monhoc) VALUES (159,100,'D20-248','2023-02-25 12:00:00.000','001-A2',1,'INT1303-20222-06',33);
INSERT INTO time_table(id,id_giangvien,lop,ngay,phonghoc,user_id,nhommonhoc,id_monhoc) VALUES (160,100,'D20-877','2023-02-25 14:00:00.000','084-A2',1,'INT1303-20222-06',33);
INSERT INTO time_table(id,id_giangvien,lop,ngay,phonghoc,user_id,nhommonhoc,id_monhoc) VALUES (161,100,'D20-015','2023-02-25 16:00:00.000','314-A2',1,'INT13147-20222-1',36);
INSERT INTO time_table(id,id_giangvien,lop,ngay,phonghoc,user_id,nhommonhoc,id_monhoc) VALUES (162,100,'D20-107','2023-02-25 18:00:00.000','779-A2',1,'INT14148-20222-01',35);
INSERT INTO time_table(id,id_giangvien,lop,ngay,phonghoc,user_id,nhommonhoc,id_monhoc) VALUES (163,100,'D20-891','2023-02-26 07:00:00.000','996-A2',1,'INT13147-20222-1',36);
INSERT INTO time_table(id,id_giangvien,lop,ngay,phonghoc,user_id,nhommonhoc,id_monhoc) VALUES (164,100,'D20-584','2023-02-26 09:00:00.000','343-A2',1,'INT14148-20222-01',35);
INSERT INTO time_table(id,id_giangvien,lop,ngay,phonghoc,user_id,nhommonhoc,id_monhoc) VALUES (165,100,'D20-586','2023-02-26 12:00:00.000','726-A2',1,'INT1303-20222-06',33);
INSERT INTO time_table(id,id_giangvien,lop,ngay,phonghoc,user_id,nhommonhoc,id_monhoc) VALUES (166,100,'D20-520','2023-02-26 14:00:00.000','362-A2',1,'INT14148-20222-01',35);
INSERT INTO time_table(id,id_giangvien,lop,ngay,phonghoc,user_id,nhommonhoc,id_monhoc) VALUES (167,100,'D20-729','2023-02-26 16:00:00.000','629-A2',1,'INT13147-20222-1',36);
INSERT INTO time_table(id,id_giangvien,lop,ngay,phonghoc,user_id,nhommonhoc,id_monhoc) VALUES (168,100,'D20-567','2023-02-26 18:00:00.000','078-A2',1,'INT1340-20222-10',32);
INSERT INTO time_table(id,id_giangvien,lop,ngay,phonghoc,user_id,nhommonhoc,id_monhoc) VALUES (169,100,'D20-960','2023-02-27 07:00:00.000','353-A2',1,'INT1434-20222-05',34);
INSERT INTO time_table(id,id_giangvien,lop,ngay,phonghoc,user_id,nhommonhoc,id_monhoc) VALUES (170,100,'D20-905','2023-02-27 09:00:00.000','969-A2',1,'INT13147-20222-1',36);
INSERT INTO time_table(id,id_giangvien,lop,ngay,phonghoc,user_id,nhommonhoc,id_monhoc) VALUES (171,100,'D20-039','2023-02-27 12:00:00.000','599-A2',1,'INT13147-20222-1',36);
INSERT INTO time_table(id,id_giangvien,lop,ngay,phonghoc,user_id,nhommonhoc,id_monhoc) VALUES (172,100,'D20-426','2023-02-27 14:00:00.000','718-A2',1,'INT13147-20222-1',36);
INSERT INTO time_table(id,id_giangvien,lop,ngay,phonghoc,user_id,nhommonhoc,id_monhoc) VALUES (173,100,'D20-352','2023-02-27 16:00:00.000','995-A2',1,'INT1434-20222-05',34);
INSERT INTO time_table(id,id_giangvien,lop,ngay,phonghoc,user_id,nhommonhoc,id_monhoc) VALUES (174,100,'D20-848','2023-02-27 18:00:00.000','511-A2',1,'INT14148-20222-01',35);
INSERT INTO time_table(id,id_giangvien,lop,ngay,phonghoc,user_id,nhommonhoc,id_monhoc) VALUES (175,100,'D20-312','2023-02-28 07:00:00.000','920-A2',1,'INT1303-20222-06',33);
INSERT INTO time_table(id,id_giangvien,lop,ngay,phonghoc,user_id,nhommonhoc,id_monhoc) VALUES (176,100,'D20-663','2023-02-28 09:00:00.000','130-A2',1,'INT1340-20222-10',32);
INSERT INTO time_table(id,id_giangvien,lop,ngay,phonghoc,user_id,nhommonhoc,id_monhoc) VALUES (177,100,'D20-828','2023-02-28 12:00:00.000','949-A2',1,'INT1340-20222-10',32);
INSERT INTO time_table(id,id_giangvien,lop,ngay,phonghoc,user_id,nhommonhoc,id_monhoc) VALUES (178,100,'D20-546','2023-02-28 14:00:00.000','707-A2',1,'INT14148-20222-01',35);
INSERT INTO time_table(id,id_giangvien,lop,ngay,phonghoc,user_id,nhommonhoc,id_monhoc) VALUES (179,100,'D20-289','2023-02-28 16:00:00.000','605-A2',1,'INT1303-20222-06',33);
INSERT INTO time_table(id,id_giangvien,lop,ngay,phonghoc,user_id,nhommonhoc,id_monhoc) VALUES (180,100,'D20-082','2023-02-28 18:00:00.000','196-A2',1,'INT1341-20222-02',31);
INSERT INTO time_table(id,id_giangvien,lop,ngay,phonghoc,user_id,nhommonhoc,id_monhoc) VALUES (181,100,'D20-247','2023-03-01 07:00:00.000','645-A2',1,'INT13147-20222-1',36);
INSERT INTO time_table(id,id_giangvien,lop,ngay,phonghoc,user_id,nhommonhoc,id_monhoc) VALUES (182,100,'D20-133','2023-03-01 09:00:00.000','356-A2',1,'INT1434-20222-05',34);
INSERT INTO time_table(id,id_giangvien,lop,ngay,phonghoc,user_id,nhommonhoc,id_monhoc) VALUES (183,100,'D20-663','2023-03-01 12:00:00.000','107-A2',1,'INT14148-20222-01',35);
INSERT INTO time_table(id,id_giangvien,lop,ngay,phonghoc,user_id,nhommonhoc,id_monhoc) VALUES (184,100,'D20-442','2023-03-01 14:00:00.000','128-A2',1,'INT14148-20222-01',35);
INSERT INTO time_table(id,id_giangvien,lop,ngay,phonghoc,user_id,nhommonhoc,id_monhoc) VALUES (185,100,'D20-978','2023-03-01 16:00:00.000','305-A2',1,'INT1341-20222-02',31);
INSERT INTO time_table(id,id_giangvien,lop,ngay,phonghoc,user_id,nhommonhoc,id_monhoc) VALUES (186,100,'D20-822','2023-03-01 18:00:00.000','889-A2',1,'INT1434-20222-05',34);
INSERT INTO time_table(id,id_giangvien,lop,ngay,phonghoc,user_id,nhommonhoc,id_monhoc) VALUES (187,100,'D20-202','2023-03-02 07:00:00.000','691-A2',1,'INT13147-20222-1',36);
INSERT INTO time_table(id,id_giangvien,lop,ngay,phonghoc,user_id,nhommonhoc,id_monhoc) VALUES (188,100,'D20-432','2023-03-02 09:00:00.000','663-A2',1,'INT1434-20222-05',34);
INSERT INTO time_table(id,id_giangvien,lop,ngay,phonghoc,user_id,nhommonhoc,id_monhoc) VALUES (189,100,'D20-644','2023-03-02 12:00:00.000','818-A2',1,'INT1340-20222-10',32);
INSERT INTO time_table(id,id_giangvien,lop,ngay,phonghoc,user_id,nhommonhoc,id_monhoc) VALUES (190,100,'D20-627','2023-03-02 14:00:00.000','566-A2',1,'INT13147-20222-1',36);
INSERT INTO time_table(id,id_giangvien,lop,ngay,phonghoc,user_id,nhommonhoc,id_monhoc) VALUES (191,100,'D20-698','2023-03-02 16:00:00.000','026-A2',1,'INT1340-20222-10',32);
INSERT INTO time_table(id,id_giangvien,lop,ngay,phonghoc,user_id,nhommonhoc,id_monhoc) VALUES (192,100,'D20-684','2023-03-02 18:00:00.000','491-A2',1,'INT13147-20222-1',36);
INSERT INTO time_table(id,id_giangvien,lop,ngay,phonghoc,user_id,nhommonhoc,id_monhoc) VALUES (193,100,'D20-948','2023-03-03 07:00:00.000','072-A2',1,'INT1340-20222-10',32);
INSERT INTO time_table(id,id_giangvien,lop,ngay,phonghoc,user_id,nhommonhoc,id_monhoc) VALUES (194,100,'D20-399','2023-03-03 09:00:00.000','040-A2',1,'INT1303-20222-06',33);
INSERT INTO time_table(id,id_giangvien,lop,ngay,phonghoc,user_id,nhommonhoc,id_monhoc) VALUES (195,100,'D20-121','2023-03-03 12:00:00.000','436-A2',1,'INT13147-20222-1',36);
INSERT INTO time_table(id,id_giangvien,lop,ngay,phonghoc,user_id,nhommonhoc,id_monhoc) VALUES (196,100,'D20-023','2023-03-03 14:00:00.000','530-A2',1,'INT14148-20222-01',35);
INSERT INTO time_table(id,id_giangvien,lop,ngay,phonghoc,user_id,nhommonhoc,id_monhoc) VALUES (197,100,'D20-617','2023-03-03 16:00:00.000','246-A2',1,'INT1434-20222-05',34);
INSERT INTO time_table(id,id_giangvien,lop,ngay,phonghoc,user_id,nhommonhoc,id_monhoc) VALUES (198,100,'D20-337','2023-03-03 18:00:00.000','219-A2',1,'INT1340-20222-10',32);
INSERT INTO time_table(id,id_giangvien,lop,ngay,phonghoc,user_id,nhommonhoc,id_monhoc) VALUES (199,100,'D20-440','2023-03-04 07:00:00.000','576-A2',1,'INT13147-20222-1',36);
INSERT INTO time_table(id,id_giangvien,lop,ngay,phonghoc,user_id,nhommonhoc,id_monhoc) VALUES (200,100,'D20-334','2023-03-04 09:00:00.000','593-A2',1,'INT1303-20222-06',33);
INSERT INTO time_table(id,id_giangvien,lop,ngay,phonghoc,user_id,nhommonhoc,id_monhoc) VALUES (201,100,'D20-384','2023-03-04 12:00:00.000','863-A2',1,'INT1303-20222-06',33);
INSERT INTO time_table(id,id_giangvien,lop,ngay,phonghoc,user_id,nhommonhoc,id_monhoc) VALUES (202,100,'D20-805','2023-03-04 14:00:00.000','458-A2',1,'INT14148-20222-01',35);
INSERT INTO time_table(id,id_giangvien,lop,ngay,phonghoc,user_id,nhommonhoc,id_monhoc) VALUES (203,100,'D20-129','2023-03-04 16:00:00.000','810-A2',1,'INT13147-20222-1',36);
INSERT INTO time_table(id,id_giangvien,lop,ngay,phonghoc,user_id,nhommonhoc,id_monhoc) VALUES (204,100,'D20-766','2023-03-04 18:00:00.000','911-A2',1,'INT1434-20222-05',34);
INSERT INTO time_table(id,id_giangvien,lop,ngay,phonghoc,user_id,nhommonhoc,id_monhoc) VALUES (205,100,'D20-593','2023-03-05 07:00:00.000','505-A2',1,'INT1341-20222-02',31);
INSERT INTO time_table(id,id_giangvien,lop,ngay,phonghoc,user_id,nhommonhoc,id_monhoc) VALUES (206,100,'D20-334','2023-03-05 09:00:00.000','836-A2',1,'INT1303-20222-06',33);
INSERT INTO time_table(id,id_giangvien,lop,ngay,phonghoc,user_id,nhommonhoc,id_monhoc) VALUES (207,100,'D20-215','2023-03-05 12:00:00.000','195-A2',1,'INT1303-20222-06',33);
INSERT INTO time_table(id,id_giangvien,lop,ngay,phonghoc,user_id,nhommonhoc,id_monhoc) VALUES (208,100,'D20-392','2023-03-05 14:00:00.000','457-A2',1,'INT1340-20222-10',32);
INSERT INTO time_table(id,id_giangvien,lop,ngay,phonghoc,user_id,nhommonhoc,id_monhoc) VALUES (209,100,'D20-652','2023-03-05 16:00:00.000','861-A2',1,'INT1303-20222-06',33);
INSERT INTO time_table(id,id_giangvien,lop,ngay,phonghoc,user_id,nhommonhoc,id_monhoc) VALUES (210,100,'D20-238','2023-03-05 18:00:00.000','411-A2',1,'INT1303-20222-06',33);
INSERT INTO time_table(id,id_giangvien,lop,ngay,phonghoc,user_id,nhommonhoc,id_monhoc) VALUES (211,100,'D20-892','2023-03-06 07:00:00.000','020-A2',1,'INT14148-20222-01',35);
INSERT INTO time_table(id,id_giangvien,lop,ngay,phonghoc,user_id,nhommonhoc,id_monhoc) VALUES (212,100,'D20-085','2023-03-06 09:00:00.000','333-A2',1,'INT1434-20222-05',34);
INSERT INTO time_table(id,id_giangvien,lop,ngay,phonghoc,user_id,nhommonhoc,id_monhoc) VALUES (213,100,'D20-719','2023-03-06 12:00:00.000','502-A2',1,'INT1303-20222-06',33);
INSERT INTO time_table(id,id_giangvien,lop,ngay,phonghoc,user_id,nhommonhoc,id_monhoc) VALUES (214,100,'D20-035','2023-03-06 14:00:00.000','121-A2',1,'INT14148-20222-01',35);
INSERT INTO time_table(id,id_giangvien,lop,ngay,phonghoc,user_id,nhommonhoc,id_monhoc) VALUES (215,100,'D20-548','2023-03-06 16:00:00.000','673-A2',1,'INT1341-20222-02',31);
INSERT INTO time_table(id,id_giangvien,lop,ngay,phonghoc,user_id,nhommonhoc,id_monhoc) VALUES (216,100,'D20-950','2023-03-06 18:00:00.000','214-A2',1,'INT1341-20222-02',31);
INSERT INTO time_table(id,id_giangvien,lop,ngay,phonghoc,user_id,nhommonhoc,id_monhoc) VALUES (217,100,'D20-201','2023-03-07 07:00:00.000','399-A2',1,'INT1303-20222-06',33);
INSERT INTO time_table(id,id_giangvien,lop,ngay,phonghoc,user_id,nhommonhoc,id_monhoc) VALUES (218,100,'D20-843','2023-03-07 09:00:00.000','963-A2',1,'INT1340-20222-10',32);
INSERT INTO time_table(id,id_giangvien,lop,ngay,phonghoc,user_id,nhommonhoc,id_monhoc) VALUES (219,100,'D20-544','2023-03-07 12:00:00.000','329-A2',1,'INT1303-20222-06',33);
INSERT INTO time_table(id,id_giangvien,lop,ngay,phonghoc,user_id,nhommonhoc,id_monhoc) VALUES (220,100,'D20-421','2023-03-07 14:00:00.000','447-A2',1,'INT1341-20222-02',31);
INSERT INTO time_table(id,id_giangvien,lop,ngay,phonghoc,user_id,nhommonhoc,id_monhoc) VALUES (221,100,'D20-255','2023-03-07 16:00:00.000','094-A2',1,'INT1341-20222-02',31);
INSERT INTO time_table(id,id_giangvien,lop,ngay,phonghoc,user_id,nhommonhoc,id_monhoc) VALUES (222,100,'D20-052','2023-03-07 18:00:00.000','545-A2',1,'INT1340-20222-10',32);
INSERT INTO time_table(id,id_giangvien,lop,ngay,phonghoc,user_id,nhommonhoc,id_monhoc) VALUES (223,100,'D20-206','2023-03-08 07:00:00.000','335-A2',1,'INT1340-20222-10',32);
INSERT INTO time_table(id,id_giangvien,lop,ngay,phonghoc,user_id,nhommonhoc,id_monhoc) VALUES (224,100,'D20-424','2023-03-08 09:00:00.000','575-A2',1,'INT13147-20222-1',36);
INSERT INTO time_table(id,id_giangvien,lop,ngay,phonghoc,user_id,nhommonhoc,id_monhoc) VALUES (225,100,'D20-888','2023-03-08 12:00:00.000','065-A2',1,'INT1340-20222-10',32);
INSERT INTO time_table(id,id_giangvien,lop,ngay,phonghoc,user_id,nhommonhoc,id_monhoc) VALUES (226,100,'D20-033','2023-03-08 14:00:00.000','733-A2',1,'INT13147-20222-1',36);
INSERT INTO time_table(id,id_giangvien,lop,ngay,phonghoc,user_id,nhommonhoc,id_monhoc) VALUES (227,100,'D20-984','2023-03-08 16:00:00.000','578-A2',1,'INT1303-20222-06',33);
INSERT INTO time_table(id,id_giangvien,lop,ngay,phonghoc,user_id,nhommonhoc,id_monhoc) VALUES (228,100,'D20-508','2023-03-08 18:00:00.000','829-A2',1,'INT14148-20222-01',35);
INSERT INTO time_table(id,id_giangvien,lop,ngay,phonghoc,user_id,nhommonhoc,id_monhoc) VALUES (229,100,'D20-193','2023-03-09 07:00:00.000','304-A2',1,'INT1340-20222-10',32);
INSERT INTO time_table(id,id_giangvien,lop,ngay,phonghoc,user_id,nhommonhoc,id_monhoc) VALUES (230,100,'D20-503','2023-03-09 09:00:00.000','027-A2',1,'INT1303-20222-06',33);
INSERT INTO time_table(id,id_giangvien,lop,ngay,phonghoc,user_id,nhommonhoc,id_monhoc) VALUES (231,100,'D20-675','2023-03-09 12:00:00.000','347-A2',1,'INT1341-20222-02',31);
INSERT INTO time_table(id,id_giangvien,lop,ngay,phonghoc,user_id,nhommonhoc,id_monhoc) VALUES (232,100,'D20-015','2023-03-09 14:00:00.000','982-A2',1,'INT1341-20222-02',31);
INSERT INTO time_table(id,id_giangvien,lop,ngay,phonghoc,user_id,nhommonhoc,id_monhoc) VALUES (233,100,'D20-535','2023-03-09 16:00:00.000','329-A2',1,'INT1434-20222-05',34);
INSERT INTO time_table(id,id_giangvien,lop,ngay,phonghoc,user_id,nhommonhoc,id_monhoc) VALUES (234,100,'D20-502','2023-03-09 18:00:00.000','636-A2',1,'INT13147-20222-1',36);
INSERT INTO time_table(id,id_giangvien,lop,ngay,phonghoc,user_id,nhommonhoc,id_monhoc) VALUES (235,100,'D20-929','2023-03-10 07:00:00.000','285-A2',1,'INT1434-20222-05',34);
INSERT INTO time_table(id,id_giangvien,lop,ngay,phonghoc,user_id,nhommonhoc,id_monhoc) VALUES (236,100,'D20-331','2023-03-10 09:00:00.000','367-A2',1,'INT1340-20222-10',32);
INSERT INTO time_table(id,id_giangvien,lop,ngay,phonghoc,user_id,nhommonhoc,id_monhoc) VALUES (237,100,'D20-894','2023-03-10 12:00:00.000','423-A2',1,'INT1303-20222-06',33);
INSERT INTO time_table(id,id_giangvien,lop,ngay,phonghoc,user_id,nhommonhoc,id_monhoc) VALUES (238,100,'D20-179','2023-03-10 14:00:00.000','097-A2',1,'INT1341-20222-02',31);
INSERT INTO time_table(id,id_giangvien,lop,ngay,phonghoc,user_id,nhommonhoc,id_monhoc) VALUES (239,100,'D20-390','2023-03-10 16:00:00.000','515-A2',1,'INT14148-20222-01',35);
INSERT INTO time_table(id,id_giangvien,lop,ngay,phonghoc,user_id,nhommonhoc,id_monhoc) VALUES (240,100,'D20-043','2023-03-10 18:00:00.000','193-A2',1,'INT1341-20222-02',31);
INSERT INTO time_table(id,id_giangvien,lop,ngay,phonghoc,user_id,nhommonhoc,id_monhoc) VALUES (241,100,'D20-526','2023-03-11 07:00:00.000','659-A2',1,'INT14148-20222-01',35);
INSERT INTO time_table(id,id_giangvien,lop,ngay,phonghoc,user_id,nhommonhoc,id_monhoc) VALUES (242,100,'D20-299','2023-03-11 09:00:00.000','457-A2',1,'INT1434-20222-05',34);
INSERT INTO time_table(id,id_giangvien,lop,ngay,phonghoc,user_id,nhommonhoc,id_monhoc) VALUES (243,100,'D20-661','2023-03-11 12:00:00.000','510-A2',1,'INT1340-20222-10',32);
INSERT INTO time_table(id,id_giangvien,lop,ngay,phonghoc,user_id,nhommonhoc,id_monhoc) VALUES (244,100,'D20-308','2023-03-11 14:00:00.000','085-A2',1,'INT1303-20222-06',33);
INSERT INTO time_table(id,id_giangvien,lop,ngay,phonghoc,user_id,nhommonhoc,id_monhoc) VALUES (245,100,'D20-033','2023-03-11 16:00:00.000','926-A2',1,'INT1303-20222-06',33);
INSERT INTO time_table(id,id_giangvien,lop,ngay,phonghoc,user_id,nhommonhoc,id_monhoc) VALUES (246,100,'D20-657','2023-03-11 18:00:00.000','824-A2',1,'INT14148-20222-01',35);
INSERT INTO time_table(id,id_giangvien,lop,ngay,phonghoc,user_id,nhommonhoc,id_monhoc) VALUES (247,100,'D20-046','2023-03-12 07:00:00.000','333-A2',1,'INT1303-20222-06',33);
INSERT INTO time_table(id,id_giangvien,lop,ngay,phonghoc,user_id,nhommonhoc,id_monhoc) VALUES (248,100,'D20-585','2023-03-12 09:00:00.000','295-A2',1,'INT1341-20222-02',31);
INSERT INTO time_table(id,id_giangvien,lop,ngay,phonghoc,user_id,nhommonhoc,id_monhoc) VALUES (249,100,'D20-907','2023-03-12 12:00:00.000','050-A2',1,'INT1340-20222-10',32);
INSERT INTO time_table(id,id_giangvien,lop,ngay,phonghoc,user_id,nhommonhoc,id_monhoc) VALUES (250,100,'D20-824','2023-03-12 14:00:00.000','820-A2',1,'INT13147-20222-1',36);
INSERT INTO time_table(id,id_giangvien,lop,ngay,phonghoc,user_id,nhommonhoc,id_monhoc) VALUES (251,100,'D20-869','2023-03-12 16:00:00.000','659-A2',1,'INT1340-20222-10',32);
INSERT INTO time_table(id,id_giangvien,lop,ngay,phonghoc,user_id,nhommonhoc,id_monhoc) VALUES (252,100,'D20-145','2023-03-12 18:00:00.000','139-A2',1,'INT1341-20222-02',31);
INSERT INTO time_table(id,id_giangvien,lop,ngay,phonghoc,user_id,nhommonhoc,id_monhoc) VALUES (253,100,'D20-082','2023-03-13 07:00:00.000','074-A2',1,'INT1303-20222-06',33);
INSERT INTO time_table(id,id_giangvien,lop,ngay,phonghoc,user_id,nhommonhoc,id_monhoc) VALUES (254,100,'D20-270','2023-03-13 09:00:00.000','077-A2',1,'INT13147-20222-1',36);
INSERT INTO time_table(id,id_giangvien,lop,ngay,phonghoc,user_id,nhommonhoc,id_monhoc) VALUES (255,100,'D20-173','2023-03-13 12:00:00.000','277-A2',1,'INT1303-20222-06',33);
INSERT INTO time_table(id,id_giangvien,lop,ngay,phonghoc,user_id,nhommonhoc,id_monhoc) VALUES (256,100,'D20-029','2023-03-13 14:00:00.000','300-A2',1,'INT14148-20222-01',35);
INSERT INTO time_table(id,id_giangvien,lop,ngay,phonghoc,user_id,nhommonhoc,id_monhoc) VALUES (257,100,'D20-948','2023-03-13 16:00:00.000','985-A2',1,'INT1340-20222-10',32);
INSERT INTO time_table(id,id_giangvien,lop,ngay,phonghoc,user_id,nhommonhoc,id_monhoc) VALUES (258,100,'D20-617','2023-03-13 18:00:00.000','515-A2',1,'INT1434-20222-05',34);
INSERT INTO time_table(id,id_giangvien,lop,ngay,phonghoc,user_id,nhommonhoc,id_monhoc) VALUES (259,100,'D20-918','2023-03-14 07:00:00.000','082-A2',1,'INT1340-20222-10',32);
INSERT INTO time_table(id,id_giangvien,lop,ngay,phonghoc,user_id,nhommonhoc,id_monhoc) VALUES (260,100,'D20-521','2023-03-14 09:00:00.000','390-A2',1,'INT1340-20222-10',32);
INSERT INTO time_table(id,id_giangvien,lop,ngay,phonghoc,user_id,nhommonhoc,id_monhoc) VALUES (261,100,'D20-085','2023-03-14 12:00:00.000','076-A2',1,'INT1434-20222-05',34);
INSERT INTO time_table(id,id_giangvien,lop,ngay,phonghoc,user_id,nhommonhoc,id_monhoc) VALUES (262,100,'D20-318','2023-03-14 14:00:00.000','366-A2',1,'INT14148-20222-01',35);
INSERT INTO time_table(id,id_giangvien,lop,ngay,phonghoc,user_id,nhommonhoc,id_monhoc) VALUES (263,100,'D20-552','2023-03-14 16:00:00.000','246-A2',1,'INT1341-20222-02',31);
INSERT INTO time_table(id,id_giangvien,lop,ngay,phonghoc,user_id,nhommonhoc,id_monhoc) VALUES (264,100,'D20-493','2023-03-14 18:00:00.000','972-A2',1,'INT14148-20222-01',35);
INSERT INTO time_table(id,id_giangvien,lop,ngay,phonghoc,user_id,nhommonhoc,id_monhoc) VALUES (265,100,'D20-940','2023-03-15 07:00:00.000','020-A2',1,'INT1340-20222-10',32);
INSERT INTO time_table(id,id_giangvien,lop,ngay,phonghoc,user_id,nhommonhoc,id_monhoc) VALUES (266,100,'D20-321','2023-03-15 09:00:00.000','667-A2',1,'INT1341-20222-02',31);
INSERT INTO time_table(id,id_giangvien,lop,ngay,phonghoc,user_id,nhommonhoc,id_monhoc) VALUES (267,100,'D20-749','2023-03-15 12:00:00.000','236-A2',1,'INT14148-20222-01',35);
INSERT INTO time_table(id,id_giangvien,lop,ngay,phonghoc,user_id,nhommonhoc,id_monhoc) VALUES (268,100,'D20-392','2023-03-15 14:00:00.000','668-A2',1,'INT14148-20222-01',35);
INSERT INTO time_table(id,id_giangvien,lop,ngay,phonghoc,user_id,nhommonhoc,id_monhoc) VALUES (269,100,'D20-086','2023-03-15 16:00:00.000','468-A2',1,'INT14148-20222-01',35);
INSERT INTO time_table(id,id_giangvien,lop,ngay,phonghoc,user_id,nhommonhoc,id_monhoc) VALUES (270,100,'D20-616','2023-03-15 18:00:00.000','547-A2',1,'INT1341-20222-02',31);
INSERT INTO time_table(id,id_giangvien,lop,ngay,phonghoc,user_id,nhommonhoc,id_monhoc) VALUES (271,100,'D20-503','2023-03-16 07:00:00.000','855-A2',1,'INT1341-20222-02',31);
INSERT INTO time_table(id,id_giangvien,lop,ngay,phonghoc,user_id,nhommonhoc,id_monhoc) VALUES (272,100,'D20-226','2023-03-16 09:00:00.000','259-A2',1,'INT1303-20222-06',33);
INSERT INTO time_table(id,id_giangvien,lop,ngay,phonghoc,user_id,nhommonhoc,id_monhoc) VALUES (273,100,'D20-369','2023-03-16 12:00:00.000','779-A2',1,'INT14148-20222-01',35);
INSERT INTO time_table(id,id_giangvien,lop,ngay,phonghoc,user_id,nhommonhoc,id_monhoc) VALUES (274,100,'D20-555','2023-03-16 14:00:00.000','163-A2',1,'INT1341-20222-02',31);
INSERT INTO time_table(id,id_giangvien,lop,ngay,phonghoc,user_id,nhommonhoc,id_monhoc) VALUES (275,100,'D20-691','2023-03-16 16:00:00.000','937-A2',1,'INT14148-20222-01',35);
INSERT INTO time_table(id,id_giangvien,lop,ngay,phonghoc,user_id,nhommonhoc,id_monhoc) VALUES (276,100,'D20-443','2023-03-16 18:00:00.000','593-A2',1,'INT1341-20222-02',31);
INSERT INTO time_table(id,id_giangvien,lop,ngay,phonghoc,user_id,nhommonhoc,id_monhoc) VALUES (277,100,'D20-724','2023-03-17 07:00:00.000','737-A2',1,'INT14148-20222-01',35);
INSERT INTO time_table(id,id_giangvien,lop,ngay,phonghoc,user_id,nhommonhoc,id_monhoc) VALUES (278,100,'D20-200','2023-03-17 09:00:00.000','059-A2',1,'INT1340-20222-10',32);
INSERT INTO time_table(id,id_giangvien,lop,ngay,phonghoc,user_id,nhommonhoc,id_monhoc) VALUES (279,100,'D20-027','2023-03-17 12:00:00.000','066-A2',1,'INT1434-20222-05',34);
INSERT INTO time_table(id,id_giangvien,lop,ngay,phonghoc,user_id,nhommonhoc,id_monhoc) VALUES (280,100,'D20-305','2023-03-17 14:00:00.000','402-A2',1,'INT1303-20222-06',33);
INSERT INTO time_table(id,id_giangvien,lop,ngay,phonghoc,user_id,nhommonhoc,id_monhoc) VALUES (281,100,'D20-035','2023-03-17 16:00:00.000','806-A2',1,'INT1434-20222-05',34);
INSERT INTO time_table(id,id_giangvien,lop,ngay,phonghoc,user_id,nhommonhoc,id_monhoc) VALUES (282,100,'D20-026','2023-03-17 18:00:00.000','238-A2',1,'INT1341-20222-02',31);
INSERT INTO time_table(id,id_giangvien,lop,ngay,phonghoc,user_id,nhommonhoc,id_monhoc) VALUES (283,100,'D20-054','2023-03-18 07:00:00.000','117-A2',1,'INT1341-20222-02',31);
INSERT INTO time_table(id,id_giangvien,lop,ngay,phonghoc,user_id,nhommonhoc,id_monhoc) VALUES (284,100,'D20-726','2023-03-18 09:00:00.000','361-A2',1,'INT1303-20222-06',33);
INSERT INTO time_table(id,id_giangvien,lop,ngay,phonghoc,user_id,nhommonhoc,id_monhoc) VALUES (285,100,'D20-199','2023-03-18 12:00:00.000','717-A2',1,'INT1341-20222-02',31);
INSERT INTO time_table(id,id_giangvien,lop,ngay,phonghoc,user_id,nhommonhoc,id_monhoc) VALUES (286,100,'D20-252','2023-03-18 14:00:00.000','186-A2',1,'INT1340-20222-10',32);
INSERT INTO time_table(id,id_giangvien,lop,ngay,phonghoc,user_id,nhommonhoc,id_monhoc) VALUES (287,100,'D20-727','2023-03-18 16:00:00.000','787-A2',1,'INT1303-20222-06',33);
INSERT INTO time_table(id,id_giangvien,lop,ngay,phonghoc,user_id,nhommonhoc,id_monhoc) VALUES (288,100,'D20-626','2023-03-18 18:00:00.000','080-A2',1,'INT13147-20222-1',36);
INSERT INTO time_table(id,id_giangvien,lop,ngay,phonghoc,user_id,nhommonhoc,id_monhoc) VALUES (289,100,'D20-811','2023-03-19 07:00:00.000','130-A2',1,'INT13147-20222-1',36);
INSERT INTO time_table(id,id_giangvien,lop,ngay,phonghoc,user_id,nhommonhoc,id_monhoc) VALUES (290,100,'D20-909','2023-03-19 09:00:00.000','725-A2',1,'INT14148-20222-01',35);
INSERT INTO time_table(id,id_giangvien,lop,ngay,phonghoc,user_id,nhommonhoc,id_monhoc) VALUES (291,100,'D20-304','2023-03-19 12:00:00.000','346-A2',1,'INT13147-20222-1',36);
INSERT INTO time_table(id,id_giangvien,lop,ngay,phonghoc,user_id,nhommonhoc,id_monhoc) VALUES (292,100,'D20-155','2023-03-19 14:00:00.000','928-A2',1,'INT14148-20222-01',35);
INSERT INTO time_table(id,id_giangvien,lop,ngay,phonghoc,user_id,nhommonhoc,id_monhoc) VALUES (293,100,'D20-340','2023-03-19 16:00:00.000','569-A2',1,'INT1434-20222-05',34);
INSERT INTO time_table(id,id_giangvien,lop,ngay,phonghoc,user_id,nhommonhoc,id_monhoc) VALUES (294,100,'D20-985','2023-03-19 18:00:00.000','943-A2',1,'INT1303-20222-06',33);
INSERT INTO time_table(id,id_giangvien,lop,ngay,phonghoc,user_id,nhommonhoc,id_monhoc) VALUES (295,100,'D20-416','2023-03-20 07:00:00.000','885-A2',1,'INT1341-20222-02',31);
INSERT INTO time_table(id,id_giangvien,lop,ngay,phonghoc,user_id,nhommonhoc,id_monhoc) VALUES (296,100,'D20-851','2023-03-20 09:00:00.000','012-A2',1,'INT13147-20222-1',36);
INSERT INTO time_table(id,id_giangvien,lop,ngay,phonghoc,user_id,nhommonhoc,id_monhoc) VALUES (297,100,'D20-719','2023-03-20 12:00:00.000','342-A2',1,'INT1341-20222-02',31);
INSERT INTO time_table(id,id_giangvien,lop,ngay,phonghoc,user_id,nhommonhoc,id_monhoc) VALUES (298,100,'D20-991','2023-03-20 14:00:00.000','743-A2',1,'INT13147-20222-1',36);
INSERT INTO time_table(id,id_giangvien,lop,ngay,phonghoc,user_id,nhommonhoc,id_monhoc) VALUES (299,100,'D20-490','2023-03-20 16:00:00.000','800-A2',1,'INT1340-20222-10',32);
INSERT INTO time_table(id,id_giangvien,lop,ngay,phonghoc,user_id,nhommonhoc,id_monhoc) VALUES (300,100,'D20-411','2023-03-20 18:00:00.000','639-A2',1,'INT1434-20222-05',34);
INSERT INTO time_table(id,id_giangvien,lop,ngay,phonghoc,user_id,nhommonhoc,id_monhoc) VALUES (301,100,'D20-050','2023-03-21 07:00:00.000','848-A2',1,'INT1434-20222-05',34);
INSERT INTO time_table(id,id_giangvien,lop,ngay,phonghoc,user_id,nhommonhoc,id_monhoc) VALUES (302,100,'D20-251','2023-03-21 09:00:00.000','847-A2',1,'INT1303-20222-06',33);
INSERT INTO time_table(id,id_giangvien,lop,ngay,phonghoc,user_id,nhommonhoc,id_monhoc) VALUES (303,100,'D20-052','2023-03-21 12:00:00.000','623-A2',1,'INT1340-20222-10',32);
INSERT INTO time_table(id,id_giangvien,lop,ngay,phonghoc,user_id,nhommonhoc,id_monhoc) VALUES (304,100,'D20-805','2023-03-21 14:00:00.000','713-A2',1,'INT1341-20222-02',31);
INSERT INTO time_table(id,id_giangvien,lop,ngay,phonghoc,user_id,nhommonhoc,id_monhoc) VALUES (305,100,'D20-319','2023-03-21 16:00:00.000','090-A2',1,'INT1340-20222-10',32);
INSERT INTO time_table(id,id_giangvien,lop,ngay,phonghoc,user_id,nhommonhoc,id_monhoc) VALUES (306,100,'D20-342','2023-03-21 18:00:00.000','386-A2',1,'INT1340-20222-10',32);
INSERT INTO time_table(id,id_giangvien,lop,ngay,phonghoc,user_id,nhommonhoc,id_monhoc) VALUES (307,100,'D20-382','2023-03-22 07:00:00.000','217-A2',1,'INT1340-20222-10',32);
INSERT INTO time_table(id,id_giangvien,lop,ngay,phonghoc,user_id,nhommonhoc,id_monhoc) VALUES (308,100,'D20-038','2023-03-22 09:00:00.000','753-A2',1,'INT1341-20222-02',31);
INSERT INTO time_table(id,id_giangvien,lop,ngay,phonghoc,user_id,nhommonhoc,id_monhoc) VALUES (309,100,'D20-485','2023-03-22 12:00:00.000','396-A2',1,'INT14148-20222-01',35);
INSERT INTO time_table(id,id_giangvien,lop,ngay,phonghoc,user_id,nhommonhoc,id_monhoc) VALUES (310,100,'D20-776','2023-03-22 14:00:00.000','637-A2',1,'INT1341-20222-02',31);
INSERT INTO time_table(id,id_giangvien,lop,ngay,phonghoc,user_id,nhommonhoc,id_monhoc) VALUES (311,100,'D20-048','2023-03-22 16:00:00.000','970-A2',1,'INT14148-20222-01',35);
INSERT INTO time_table(id,id_giangvien,lop,ngay,phonghoc,user_id,nhommonhoc,id_monhoc) VALUES (312,100,'D20-997','2023-03-22 18:00:00.000','309-A2',1,'INT13147-20222-1',36);
INSERT INTO time_table(id,id_giangvien,lop,ngay,phonghoc,user_id,nhommonhoc,id_monhoc) VALUES (313,100,'D20-418','2023-03-23 07:00:00.000','750-A2',1,'INT1303-20222-06',33);
INSERT INTO time_table(id,id_giangvien,lop,ngay,phonghoc,user_id,nhommonhoc,id_monhoc) VALUES (314,100,'D20-065','2023-03-23 09:00:00.000','575-A2',1,'INT1434-20222-05',34);
INSERT INTO time_table(id,id_giangvien,lop,ngay,phonghoc,user_id,nhommonhoc,id_monhoc) VALUES (315,100,'D20-164','2023-03-23 12:00:00.000','759-A2',1,'INT14148-20222-01',35);
INSERT INTO time_table(id,id_giangvien,lop,ngay,phonghoc,user_id,nhommonhoc,id_monhoc) VALUES (316,100,'D20-429','2023-03-23 14:00:00.000','062-A2',1,'INT1340-20222-10',32);
INSERT INTO time_table(id,id_giangvien,lop,ngay,phonghoc,user_id,nhommonhoc,id_monhoc) VALUES (317,100,'D20-320','2023-03-23 16:00:00.000','106-A2',1,'INT1434-20222-05',34);
INSERT INTO time_table(id,id_giangvien,lop,ngay,phonghoc,user_id,nhommonhoc,id_monhoc) VALUES (318,100,'D20-472','2023-03-23 18:00:00.000','484-A2',1,'INT1303-20222-06',33);
INSERT INTO time_table(id,id_giangvien,lop,ngay,phonghoc,user_id,nhommonhoc,id_monhoc) VALUES (319,100,'D20-420','2023-03-24 07:00:00.000','027-A2',1,'INT1341-20222-02',31);
INSERT INTO time_table(id,id_giangvien,lop,ngay,phonghoc,user_id,nhommonhoc,id_monhoc) VALUES (320,100,'D20-017','2023-03-24 09:00:00.000','133-A2',1,'INT1340-20222-10',32);
INSERT INTO time_table(id,id_giangvien,lop,ngay,phonghoc,user_id,nhommonhoc,id_monhoc) VALUES (321,100,'D20-321','2023-03-24 12:00:00.000','632-A2',1,'INT1340-20222-10',32);
INSERT INTO time_table(id,id_giangvien,lop,ngay,phonghoc,user_id,nhommonhoc,id_monhoc) VALUES (322,100,'D20-997','2023-03-24 14:00:00.000','028-A2',1,'INT1340-20222-10',32);
INSERT INTO time_table(id,id_giangvien,lop,ngay,phonghoc,user_id,nhommonhoc,id_monhoc) VALUES (323,100,'D20-750','2023-03-24 16:00:00.000','870-A2',1,'INT1303-20222-06',33);
INSERT INTO time_table(id,id_giangvien,lop,ngay,phonghoc,user_id,nhommonhoc,id_monhoc) VALUES (324,100,'D20-722','2023-03-24 18:00:00.000','277-A2',1,'INT13147-20222-1',36);
INSERT INTO time_table(id,id_giangvien,lop,ngay,phonghoc,user_id,nhommonhoc,id_monhoc) VALUES (325,100,'D20-016','2023-03-25 07:00:00.000','650-A2',1,'INT13147-20222-1',36);
INSERT INTO time_table(id,id_giangvien,lop,ngay,phonghoc,user_id,nhommonhoc,id_monhoc) VALUES (326,100,'D20-638','2023-03-25 09:00:00.000','476-A2',1,'INT1341-20222-02',31);
INSERT INTO time_table(id,id_giangvien,lop,ngay,phonghoc,user_id,nhommonhoc,id_monhoc) VALUES (327,100,'D20-303','2023-03-25 12:00:00.000','514-A2',1,'INT1341-20222-02',31);
INSERT INTO time_table(id,id_giangvien,lop,ngay,phonghoc,user_id,nhommonhoc,id_monhoc) VALUES (328,100,'D20-856','2023-03-25 14:00:00.000','016-A2',1,'INT1341-20222-02',31);
INSERT INTO time_table(id,id_giangvien,lop,ngay,phonghoc,user_id,nhommonhoc,id_monhoc) VALUES (329,100,'D20-979','2023-03-25 16:00:00.000','723-A2',1,'INT14148-20222-01',35);
INSERT INTO time_table(id,id_giangvien,lop,ngay,phonghoc,user_id,nhommonhoc,id_monhoc) VALUES (330,100,'D20-608','2023-03-25 18:00:00.000','514-A2',1,'INT1434-20222-05',34);
INSERT INTO time_table(id,id_giangvien,lop,ngay,phonghoc,user_id,nhommonhoc,id_monhoc) VALUES (331,100,'D20-723','2023-03-26 07:00:00.000','972-A2',1,'INT1303-20222-06',33);
INSERT INTO time_table(id,id_giangvien,lop,ngay,phonghoc,user_id,nhommonhoc,id_monhoc) VALUES (332,100,'D20-241','2023-03-26 09:00:00.000','961-A2',1,'INT1303-20222-06',33);
INSERT INTO time_table(id,id_giangvien,lop,ngay,phonghoc,user_id,nhommonhoc,id_monhoc) VALUES (333,100,'D20-309','2023-03-26 12:00:00.000','023-A2',1,'INT1434-20222-05',34);
INSERT INTO time_table(id,id_giangvien,lop,ngay,phonghoc,user_id,nhommonhoc,id_monhoc) VALUES (334,100,'D20-279','2023-03-26 14:00:00.000','249-A2',1,'INT14148-20222-01',35);
INSERT INTO time_table(id,id_giangvien,lop,ngay,phonghoc,user_id,nhommonhoc,id_monhoc) VALUES (335,100,'D20-383','2023-03-26 16:00:00.000','376-A2',1,'INT13147-20222-1',36);
INSERT INTO time_table(id,id_giangvien,lop,ngay,phonghoc,user_id,nhommonhoc,id_monhoc) VALUES (336,100,'D20-379','2023-03-26 18:00:00.000','458-A2',1,'INT13147-20222-1',36);
INSERT INTO time_table(id,id_giangvien,lop,ngay,phonghoc,user_id,nhommonhoc,id_monhoc) VALUES (337,100,'D20-320','2023-03-27 07:00:00.000','585-A2',1,'INT13147-20222-1',36);
INSERT INTO time_table(id,id_giangvien,lop,ngay,phonghoc,user_id,nhommonhoc,id_monhoc) VALUES (338,100,'D20-282','2023-03-27 09:00:00.000','371-A2',1,'INT1434-20222-05',34);
INSERT INTO time_table(id,id_giangvien,lop,ngay,phonghoc,user_id,nhommonhoc,id_monhoc) VALUES (339,100,'D20-482','2023-03-27 12:00:00.000','986-A2',1,'INT1340-20222-10',32);
INSERT INTO time_table(id,id_giangvien,lop,ngay,phonghoc,user_id,nhommonhoc,id_monhoc) VALUES (340,100,'D20-993','2023-03-27 14:00:00.000','230-A2',1,'INT1303-20222-06',33);
INSERT INTO time_table(id,id_giangvien,lop,ngay,phonghoc,user_id,nhommonhoc,id_monhoc) VALUES (341,100,'D20-838','2023-03-27 16:00:00.000','146-A2',1,'INT1340-20222-10',32);
INSERT INTO time_table(id,id_giangvien,lop,ngay,phonghoc,user_id,nhommonhoc,id_monhoc) VALUES (342,100,'D20-174','2023-03-27 18:00:00.000','470-A2',1,'INT13147-20222-1',36);
INSERT INTO time_table(id,id_giangvien,lop,ngay,phonghoc,user_id,nhommonhoc,id_monhoc) VALUES (343,100,'D20-146','2023-03-28 07:00:00.000','313-A2',1,'INT1303-20222-06',33);
INSERT INTO time_table(id,id_giangvien,lop,ngay,phonghoc,user_id,nhommonhoc,id_monhoc) VALUES (344,100,'D20-888','2023-03-28 09:00:00.000','134-A2',1,'INT1434-20222-05',34);
INSERT INTO time_table(id,id_giangvien,lop,ngay,phonghoc,user_id,nhommonhoc,id_monhoc) VALUES (345,100,'D20-969','2023-03-28 12:00:00.000','744-A2',1,'INT1341-20222-02',31);
INSERT INTO time_table(id,id_giangvien,lop,ngay,phonghoc,user_id,nhommonhoc,id_monhoc) VALUES (346,100,'D20-799','2023-03-28 14:00:00.000','343-A2',1,'INT1434-20222-05',34);
INSERT INTO time_table(id,id_giangvien,lop,ngay,phonghoc,user_id,nhommonhoc,id_monhoc) VALUES (347,100,'D20-062','2023-03-28 16:00:00.000','952-A2',1,'INT1341-20222-02',31);
INSERT INTO time_table(id,id_giangvien,lop,ngay,phonghoc,user_id,nhommonhoc,id_monhoc) VALUES (348,100,'D20-745','2023-03-28 18:00:00.000','421-A2',1,'INT1340-20222-10',32);
INSERT INTO time_table(id,id_giangvien,lop,ngay,phonghoc,user_id,nhommonhoc,id_monhoc) VALUES (349,100,'D20-504','2023-03-29 07:00:00.000','571-A2',1,'INT13147-20222-1',36);
INSERT INTO time_table(id,id_giangvien,lop,ngay,phonghoc,user_id,nhommonhoc,id_monhoc) VALUES (350,100,'D20-104','2023-03-29 09:00:00.000','652-A2',1,'INT1340-20222-10',32);
INSERT INTO time_table(id,id_giangvien,lop,ngay,phonghoc,user_id,nhommonhoc,id_monhoc) VALUES (351,100,'D20-425','2023-03-29 12:00:00.000','896-A2',1,'INT1434-20222-05',34);
INSERT INTO time_table(id,id_giangvien,lop,ngay,phonghoc,user_id,nhommonhoc,id_monhoc) VALUES (352,100,'D20-135','2023-03-29 14:00:00.000','768-A2',1,'INT1340-20222-10',32);
INSERT INTO time_table(id,id_giangvien,lop,ngay,phonghoc,user_id,nhommonhoc,id_monhoc) VALUES (353,100,'D20-297','2023-03-29 16:00:00.000','246-A2',1,'INT1340-20222-10',32);
INSERT INTO time_table(id,id_giangvien,lop,ngay,phonghoc,user_id,nhommonhoc,id_monhoc) VALUES (354,100,'D20-367','2023-03-29 18:00:00.000','393-A2',1,'INT1434-20222-05',34);
INSERT INTO time_table(id,id_giangvien,lop,ngay,phonghoc,user_id,nhommonhoc,id_monhoc) VALUES (355,100,'D20-691','2023-03-30 07:00:00.000','963-A2',1,'INT14148-20222-01',35);
INSERT INTO time_table(id,id_giangvien,lop,ngay,phonghoc,user_id,nhommonhoc,id_monhoc) VALUES (356,100,'D20-993','2023-03-30 09:00:00.000','381-A2',1,'INT14148-20222-01',35);
INSERT INTO time_table(id,id_giangvien,lop,ngay,phonghoc,user_id,nhommonhoc,id_monhoc) VALUES (357,100,'D20-432','2023-03-30 12:00:00.000','165-A2',1,'INT1341-20222-02',31);
INSERT INTO time_table(id,id_giangvien,lop,ngay,phonghoc,user_id,nhommonhoc,id_monhoc) VALUES (358,100,'D20-309','2023-03-30 14:00:00.000','060-A2',1,'INT1341-20222-02',31);
INSERT INTO time_table(id,id_giangvien,lop,ngay,phonghoc,user_id,nhommonhoc,id_monhoc) VALUES (359,100,'D20-160','2023-03-30 16:00:00.000','858-A2',1,'INT1341-20222-02',31);
INSERT INTO time_table(id,id_giangvien,lop,ngay,phonghoc,user_id,nhommonhoc,id_monhoc) VALUES (360,100,'D20-316','2023-03-30 18:00:00.000','163-A2',1,'INT1434-20222-05',34);
INSERT INTO time_table(id,id_giangvien,lop,ngay,phonghoc,user_id,nhommonhoc,id_monhoc) VALUES (361,100,'D20-051','2023-03-31 07:00:00.000','745-A2',1,'INT14148-20222-01',35);
INSERT INTO time_table(id,id_giangvien,lop,ngay,phonghoc,user_id,nhommonhoc,id_monhoc) VALUES (362,100,'D20-917','2023-03-31 09:00:00.000','612-A2',1,'INT1434-20222-05',34);
INSERT INTO time_table(id,id_giangvien,lop,ngay,phonghoc,user_id,nhommonhoc,id_monhoc) VALUES (363,100,'D20-831','2023-03-31 12:00:00.000','912-A2',1,'INT1341-20222-02',31);
INSERT INTO time_table(id,id_giangvien,lop,ngay,phonghoc,user_id,nhommonhoc,id_monhoc) VALUES (364,100,'D20-901','2023-03-31 14:00:00.000','546-A2',1,'INT1340-20222-10',32);
INSERT INTO time_table(id,id_giangvien,lop,ngay,phonghoc,user_id,nhommonhoc,id_monhoc) VALUES (365,100,'D20-368','2023-03-31 16:00:00.000','975-A2',1,'INT1341-20222-02',31);
INSERT INTO time_table(id,id_giangvien,lop,ngay,phonghoc,user_id,nhommonhoc,id_monhoc) VALUES (366,100,'D20-496','2023-03-31 18:00:00.000','414-A2',1,'INT1434-20222-05',34);
INSERT INTO time_table(id,id_giangvien,lop,ngay,phonghoc,user_id,nhommonhoc,id_monhoc) VALUES (367,100,'D20-878','2023-04-01 07:00:00.000','965-A2',1,'INT1341-20222-02',31);
INSERT INTO time_table(id,id_giangvien,lop,ngay,phonghoc,user_id,nhommonhoc,id_monhoc) VALUES (368,100,'D20-160','2023-04-01 09:00:00.000','734-A2',1,'INT14148-20222-01',35);
INSERT INTO time_table(id,id_giangvien,lop,ngay,phonghoc,user_id,nhommonhoc,id_monhoc) VALUES (369,100,'D20-525','2023-04-01 12:00:00.000','260-A2',1,'INT1434-20222-05',34);
INSERT INTO time_table(id,id_giangvien,lop,ngay,phonghoc,user_id,nhommonhoc,id_monhoc) VALUES (370,100,'D20-940','2023-04-01 14:00:00.000','970-A2',1,'INT1340-20222-10',32);
INSERT INTO time_table(id,id_giangvien,lop,ngay,phonghoc,user_id,nhommonhoc,id_monhoc) VALUES (371,100,'D20-893','2023-04-01 16:00:00.000','729-A2',1,'INT1341-20222-02',31);
INSERT INTO time_table(id,id_giangvien,lop,ngay,phonghoc,user_id,nhommonhoc,id_monhoc) VALUES (372,100,'D20-075','2023-04-01 18:00:00.000','414-A2',1,'INT1434-20222-05',34);
INSERT INTO time_table(id,id_giangvien,lop,ngay,phonghoc,user_id,nhommonhoc,id_monhoc) VALUES (373,100,'D20-680','2023-04-02 07:00:00.000','369-A2',1,'INT14148-20222-01',35);
INSERT INTO time_table(id,id_giangvien,lop,ngay,phonghoc,user_id,nhommonhoc,id_monhoc) VALUES (374,100,'D20-038','2023-04-02 09:00:00.000','737-A2',1,'INT1434-20222-05',34);
INSERT INTO time_table(id,id_giangvien,lop,ngay,phonghoc,user_id,nhommonhoc,id_monhoc) VALUES (375,100,'D20-821','2023-04-02 12:00:00.000','097-A2',1,'INT1341-20222-02',31);
INSERT INTO time_table(id,id_giangvien,lop,ngay,phonghoc,user_id,nhommonhoc,id_monhoc) VALUES (376,100,'D20-122','2023-04-02 14:00:00.000','036-A2',1,'INT14148-20222-01',35);
INSERT INTO time_table(id,id_giangvien,lop,ngay,phonghoc,user_id,nhommonhoc,id_monhoc) VALUES (377,100,'D20-174','2023-04-02 16:00:00.000','547-A2',1,'INT1434-20222-05',34);
INSERT INTO time_table(id,id_giangvien,lop,ngay,phonghoc,user_id,nhommonhoc,id_monhoc) VALUES (378,100,'D20-566','2023-04-02 18:00:00.000','058-A2',1,'INT1340-20222-10',32);
INSERT INTO time_table(id,id_giangvien,lop,ngay,phonghoc,user_id,nhommonhoc,id_monhoc) VALUES (379,100,'D20-810','2023-04-03 07:00:00.000','957-A2',1,'INT1341-20222-02',31);
INSERT INTO time_table(id,id_giangvien,lop,ngay,phonghoc,user_id,nhommonhoc,id_monhoc) VALUES (380,100,'D20-080','2023-04-03 09:00:00.000','768-A2',1,'INT1303-20222-06',33);
INSERT INTO time_table(id,id_giangvien,lop,ngay,phonghoc,user_id,nhommonhoc,id_monhoc) VALUES (381,100,'D20-698','2023-04-03 12:00:00.000','370-A2',1,'INT1434-20222-05',34);
INSERT INTO time_table(id,id_giangvien,lop,ngay,phonghoc,user_id,nhommonhoc,id_monhoc) VALUES (382,100,'D20-191','2023-04-03 14:00:00.000','486-A2',1,'INT13147-20222-1',36);
INSERT INTO time_table(id,id_giangvien,lop,ngay,phonghoc,user_id,nhommonhoc,id_monhoc) VALUES (383,100,'D20-839','2023-04-03 16:00:00.000','063-A2',1,'INT14148-20222-01',35);
INSERT INTO time_table(id,id_giangvien,lop,ngay,phonghoc,user_id,nhommonhoc,id_monhoc) VALUES (384,100,'D20-415','2023-04-03 18:00:00.000','847-A2',1,'INT1340-20222-10',32);
INSERT INTO time_table(id,id_giangvien,lop,ngay,phonghoc,user_id,nhommonhoc,id_monhoc) VALUES (385,100,'D20-895','2023-04-04 07:00:00.000','297-A2',1,'INT13147-20222-1',36);
INSERT INTO time_table(id,id_giangvien,lop,ngay,phonghoc,user_id,nhommonhoc,id_monhoc) VALUES (386,100,'D20-807','2023-04-04 09:00:00.000','333-A2',1,'INT1341-20222-02',31);
INSERT INTO time_table(id,id_giangvien,lop,ngay,phonghoc,user_id,nhommonhoc,id_monhoc) VALUES (387,100,'D20-474','2023-04-04 12:00:00.000','753-A2',1,'INT1434-20222-05',34);
INSERT INTO time_table(id,id_giangvien,lop,ngay,phonghoc,user_id,nhommonhoc,id_monhoc) VALUES (388,100,'D20-103','2023-04-04 14:00:00.000','686-A2',1,'INT1341-20222-02',31);
INSERT INTO time_table(id,id_giangvien,lop,ngay,phonghoc,user_id,nhommonhoc,id_monhoc) VALUES (389,100,'D20-714','2023-04-04 16:00:00.000','925-A2',1,'INT14148-20222-01',35);
INSERT INTO time_table(id,id_giangvien,lop,ngay,phonghoc,user_id,nhommonhoc,id_monhoc) VALUES (390,100,'D20-935','2023-04-04 18:00:00.000','061-A2',1,'INT1341-20222-02',31);
INSERT INTO time_table(id,id_giangvien,lop,ngay,phonghoc,user_id,nhommonhoc,id_monhoc) VALUES (391,100,'D20-767','2023-04-05 07:00:00.000','249-A2',1,'INT14148-20222-01',35);
INSERT INTO time_table(id,id_giangvien,lop,ngay,phonghoc,user_id,nhommonhoc,id_monhoc) VALUES (392,100,'D20-423','2023-04-05 09:00:00.000','847-A2',1,'INT1340-20222-10',32);
INSERT INTO time_table(id,id_giangvien,lop,ngay,phonghoc,user_id,nhommonhoc,id_monhoc) VALUES (393,100,'D20-674','2023-04-05 12:00:00.000','861-A2',1,'INT13147-20222-1',36);
INSERT INTO time_table(id,id_giangvien,lop,ngay,phonghoc,user_id,nhommonhoc,id_monhoc) VALUES (394,100,'D20-376','2023-04-05 14:00:00.000','144-A2',1,'INT1303-20222-06',33);
INSERT INTO time_table(id,id_giangvien,lop,ngay,phonghoc,user_id,nhommonhoc,id_monhoc) VALUES (395,100,'D20-118','2023-04-05 16:00:00.000','717-A2',1,'INT1341-20222-02',31);
INSERT INTO time_table(id,id_giangvien,lop,ngay,phonghoc,user_id,nhommonhoc,id_monhoc) VALUES (396,100,'D20-931','2023-04-05 18:00:00.000','982-A2',1,'INT1434-20222-05',34);
INSERT INTO time_table(id,id_giangvien,lop,ngay,phonghoc,user_id,nhommonhoc,id_monhoc) VALUES (397,100,'D20-726','2023-04-06 07:00:00.000','634-A2',1,'INT13147-20222-1',36);
INSERT INTO time_table(id,id_giangvien,lop,ngay,phonghoc,user_id,nhommonhoc,id_monhoc) VALUES (398,100,'D20-624','2023-04-06 09:00:00.000','734-A2',1,'INT1434-20222-05',34);
INSERT INTO time_table(id,id_giangvien,lop,ngay,phonghoc,user_id,nhommonhoc,id_monhoc) VALUES (399,100,'D20-843','2023-04-06 12:00:00.000','992-A2',1,'INT14148-20222-01',35);
INSERT INTO time_table(id,id_giangvien,lop,ngay,phonghoc,user_id,nhommonhoc,id_monhoc) VALUES (400,100,'D20-132','2023-04-06 14:00:00.000','300-A2',1,'INT14148-20222-01',35);
INSERT INTO time_table(id,id_giangvien,lop,ngay,phonghoc,user_id,nhommonhoc,id_monhoc) VALUES (401,100,'D20-365','2023-04-06 16:00:00.000','114-A2',1,'INT13147-20222-1',36);
INSERT INTO time_table(id,id_giangvien,lop,ngay,phonghoc,user_id,nhommonhoc,id_monhoc) VALUES (402,100,'D20-419','2023-04-06 18:00:00.000','255-A2',1,'INT1341-20222-02',31);
INSERT INTO time_table(id,id_giangvien,lop,ngay,phonghoc,user_id,nhommonhoc,id_monhoc) VALUES (403,100,'D20-414','2023-04-07 07:00:00.000','413-A2',1,'INT1303-20222-06',33);
INSERT INTO time_table(id,id_giangvien,lop,ngay,phonghoc,user_id,nhommonhoc,id_monhoc) VALUES (404,100,'D20-138','2023-04-07 09:00:00.000','717-A2',1,'INT1434-20222-05',34);
INSERT INTO time_table(id,id_giangvien,lop,ngay,phonghoc,user_id,nhommonhoc,id_monhoc) VALUES (405,100,'D20-558','2023-04-07 12:00:00.000','649-A2',1,'INT1340-20222-10',32);
INSERT INTO time_table(id,id_giangvien,lop,ngay,phonghoc,user_id,nhommonhoc,id_monhoc) VALUES (406,100,'D20-696','2023-04-07 14:00:00.000','769-A2',1,'INT1341-20222-02',31);
INSERT INTO time_table(id,id_giangvien,lop,ngay,phonghoc,user_id,nhommonhoc,id_monhoc) VALUES (407,100,'D20-767','2023-04-07 16:00:00.000','044-A2',1,'INT1340-20222-10',32);
INSERT INTO time_table(id,id_giangvien,lop,ngay,phonghoc,user_id,nhommonhoc,id_monhoc) VALUES (408,100,'D20-332','2023-04-07 18:00:00.000','391-A2',1,'INT13147-20222-1',36);
INSERT INTO time_table(id,id_giangvien,lop,ngay,phonghoc,user_id,nhommonhoc,id_monhoc) VALUES (409,100,'D20-582','2023-04-08 07:00:00.000','722-A2',1,'INT1340-20222-10',32);
INSERT INTO time_table(id,id_giangvien,lop,ngay,phonghoc,user_id,nhommonhoc,id_monhoc) VALUES (410,100,'D20-020','2023-04-08 09:00:00.000','855-A2',1,'INT1340-20222-10',32);
INSERT INTO time_table(id,id_giangvien,lop,ngay,phonghoc,user_id,nhommonhoc,id_monhoc) VALUES (411,100,'D20-004','2023-04-08 12:00:00.000','494-A2',1,'INT1340-20222-10',32);
INSERT INTO time_table(id,id_giangvien,lop,ngay,phonghoc,user_id,nhommonhoc,id_monhoc) VALUES (412,100,'D20-074','2023-04-08 14:00:00.000','749-A2',1,'INT14148-20222-01',35);
INSERT INTO time_table(id,id_giangvien,lop,ngay,phonghoc,user_id,nhommonhoc,id_monhoc) VALUES (413,100,'D20-228','2023-04-08 16:00:00.000','040-A2',1,'INT14148-20222-01',35);
INSERT INTO time_table(id,id_giangvien,lop,ngay,phonghoc,user_id,nhommonhoc,id_monhoc) VALUES (414,100,'D20-090','2023-04-08 18:00:00.000','595-A2',1,'INT1434-20222-05',34);
INSERT INTO time_table(id,id_giangvien,lop,ngay,phonghoc,user_id,nhommonhoc,id_monhoc) VALUES (415,100,'D20-361','2023-04-09 07:00:00.000','678-A2',1,'INT1434-20222-05',34);
INSERT INTO time_table(id,id_giangvien,lop,ngay,phonghoc,user_id,nhommonhoc,id_monhoc) VALUES (416,100,'D20-253','2023-04-09 09:00:00.000','650-A2',1,'INT1303-20222-06',33);
INSERT INTO time_table(id,id_giangvien,lop,ngay,phonghoc,user_id,nhommonhoc,id_monhoc) VALUES (417,100,'D20-332','2023-04-09 12:00:00.000','388-A2',1,'INT1341-20222-02',31);
INSERT INTO time_table(id,id_giangvien,lop,ngay,phonghoc,user_id,nhommonhoc,id_monhoc) VALUES (418,100,'D20-565','2023-04-09 14:00:00.000','435-A2',1,'INT13147-20222-1',36);
INSERT INTO time_table(id,id_giangvien,lop,ngay,phonghoc,user_id,nhommonhoc,id_monhoc) VALUES (419,100,'D20-373','2023-04-09 16:00:00.000','546-A2',1,'INT1341-20222-02',31);
INSERT INTO time_table(id,id_giangvien,lop,ngay,phonghoc,user_id,nhommonhoc,id_monhoc) VALUES (420,100,'D20-271','2023-04-09 18:00:00.000','054-A2',1,'INT1340-20222-10',32);
INSERT INTO time_table(id,id_giangvien,lop,ngay,phonghoc,user_id,nhommonhoc,id_monhoc) VALUES (421,100,'D20-206','2023-04-10 07:00:00.000','452-A2',1,'INT1341-20222-02',31);
INSERT INTO time_table(id,id_giangvien,lop,ngay,phonghoc,user_id,nhommonhoc,id_monhoc) VALUES (422,100,'D20-967','2023-04-10 09:00:00.000','291-A2',1,'INT1303-20222-06',33);
INSERT INTO time_table(id,id_giangvien,lop,ngay,phonghoc,user_id,nhommonhoc,id_monhoc) VALUES (423,100,'D20-607','2023-04-10 12:00:00.000','100-A2',1,'INT1303-20222-06',33);
INSERT INTO time_table(id,id_giangvien,lop,ngay,phonghoc,user_id,nhommonhoc,id_monhoc) VALUES (424,100,'D20-526','2023-04-10 14:00:00.000','803-A2',1,'INT13147-20222-1',36);
INSERT INTO time_table(id,id_giangvien,lop,ngay,phonghoc,user_id,nhommonhoc,id_monhoc) VALUES (425,100,'D20-626','2023-04-10 16:00:00.000','778-A2',1,'INT1303-20222-06',33);
INSERT INTO time_table(id,id_giangvien,lop,ngay,phonghoc,user_id,nhommonhoc,id_monhoc) VALUES (426,100,'D20-047','2023-04-10 18:00:00.000','162-A2',1,'INT1303-20222-06',33);
INSERT INTO time_table(id,id_giangvien,lop,ngay,phonghoc,user_id,nhommonhoc,id_monhoc) VALUES (427,100,'D20-948','2023-04-11 07:00:00.000','830-A2',1,'INT1341-20222-02',31);
INSERT INTO time_table(id,id_giangvien,lop,ngay,phonghoc,user_id,nhommonhoc,id_monhoc) VALUES (428,100,'D20-208','2023-04-11 09:00:00.000','987-A2',1,'INT1341-20222-02',31);
INSERT INTO time_table(id,id_giangvien,lop,ngay,phonghoc,user_id,nhommonhoc,id_monhoc) VALUES (429,100,'D20-308','2023-04-11 12:00:00.000','272-A2',1,'INT1303-20222-06',33);
INSERT INTO time_table(id,id_giangvien,lop,ngay,phonghoc,user_id,nhommonhoc,id_monhoc) VALUES (430,100,'D20-936','2023-04-11 14:00:00.000','925-A2',1,'INT1303-20222-06',33);
INSERT INTO time_table(id,id_giangvien,lop,ngay,phonghoc,user_id,nhommonhoc,id_monhoc) VALUES (431,100,'D20-276','2023-04-11 16:00:00.000','917-A2',1,'INT1340-20222-10',32);
INSERT INTO time_table(id,id_giangvien,lop,ngay,phonghoc,user_id,nhommonhoc,id_monhoc) VALUES (432,100,'D20-853','2023-04-11 18:00:00.000','465-A2',1,'INT1303-20222-06',33);
INSERT INTO time_table(id,id_giangvien,lop,ngay,phonghoc,user_id,nhommonhoc,id_monhoc) VALUES (433,100,'D20-196','2023-04-12 07:00:00.000','803-A2',1,'INT1434-20222-05',34);
INSERT INTO time_table(id,id_giangvien,lop,ngay,phonghoc,user_id,nhommonhoc,id_monhoc) VALUES (434,100,'D20-163','2023-04-12 09:00:00.000','226-A2',1,'INT1341-20222-02',31);
INSERT INTO time_table(id,id_giangvien,lop,ngay,phonghoc,user_id,nhommonhoc,id_monhoc) VALUES (435,100,'D20-754','2023-04-12 12:00:00.000','392-A2',1,'INT1434-20222-05',34);
INSERT INTO time_table(id,id_giangvien,lop,ngay,phonghoc,user_id,nhommonhoc,id_monhoc) VALUES (436,100,'D20-671','2023-04-12 14:00:00.000','768-A2',1,'INT1341-20222-02',31);
INSERT INTO time_table(id,id_giangvien,lop,ngay,phonghoc,user_id,nhommonhoc,id_monhoc) VALUES (437,100,'D20-845','2023-04-12 16:00:00.000','144-A2',1,'INT1340-20222-10',32);
INSERT INTO time_table(id,id_giangvien,lop,ngay,phonghoc,user_id,nhommonhoc,id_monhoc) VALUES (438,100,'D20-174','2023-04-12 18:00:00.000','585-A2',1,'INT1340-20222-10',32);
INSERT INTO time_table(id,id_giangvien,lop,ngay,phonghoc,user_id,nhommonhoc,id_monhoc) VALUES (439,100,'D20-211','2023-04-13 07:00:00.000','306-A2',1,'INT1434-20222-05',34);
INSERT INTO time_table(id,id_giangvien,lop,ngay,phonghoc,user_id,nhommonhoc,id_monhoc) VALUES (440,100,'D20-613','2023-04-13 09:00:00.000','817-A2',1,'INT1303-20222-06',33);
INSERT INTO time_table(id,id_giangvien,lop,ngay,phonghoc,user_id,nhommonhoc,id_monhoc) VALUES (441,100,'D20-512','2023-04-13 12:00:00.000','334-A2',1,'INT14148-20222-01',35);
INSERT INTO time_table(id,id_giangvien,lop,ngay,phonghoc,user_id,nhommonhoc,id_monhoc) VALUES (442,100,'D20-057','2023-04-13 14:00:00.000','627-A2',1,'INT1303-20222-06',33);
INSERT INTO time_table(id,id_giangvien,lop,ngay,phonghoc,user_id,nhommonhoc,id_monhoc) VALUES (443,100,'D20-574','2023-04-13 16:00:00.000','466-A2',1,'INT1340-20222-10',32);
INSERT INTO time_table(id,id_giangvien,lop,ngay,phonghoc,user_id,nhommonhoc,id_monhoc) VALUES (444,100,'D20-573','2023-04-13 18:00:00.000','954-A2',1,'INT1303-20222-06',33);
INSERT INTO time_table(id,id_giangvien,lop,ngay,phonghoc,user_id,nhommonhoc,id_monhoc) VALUES (445,100,'D20-046','2023-04-14 07:00:00.000','669-A2',1,'INT13147-20222-1',36);
INSERT INTO time_table(id,id_giangvien,lop,ngay,phonghoc,user_id,nhommonhoc,id_monhoc) VALUES (446,100,'D20-814','2023-04-14 09:00:00.000','063-A2',1,'INT14148-20222-01',35);
INSERT INTO time_table(id,id_giangvien,lop,ngay,phonghoc,user_id,nhommonhoc,id_monhoc) VALUES (447,100,'D20-730','2023-04-14 12:00:00.000','550-A2',1,'INT1434-20222-05',34);
INSERT INTO time_table(id,id_giangvien,lop,ngay,phonghoc,user_id,nhommonhoc,id_monhoc) VALUES (448,100,'D20-286','2023-04-14 14:00:00.000','724-A2',1,'INT1340-20222-10',32);
INSERT INTO time_table(id,id_giangvien,lop,ngay,phonghoc,user_id,nhommonhoc,id_monhoc) VALUES (449,100,'D20-535','2023-04-14 16:00:00.000','669-A2',1,'INT13147-20222-1',36);
INSERT INTO time_table(id,id_giangvien,lop,ngay,phonghoc,user_id,nhommonhoc,id_monhoc) VALUES (450,100,'D20-597','2023-04-14 18:00:00.000','601-A2',1,'INT1303-20222-06',33);
INSERT INTO time_table(id,id_giangvien,lop,ngay,phonghoc,user_id,nhommonhoc,id_monhoc) VALUES (451,100,'D20-969','2023-04-15 07:00:00.000','319-A2',1,'INT1341-20222-02',31);
INSERT INTO time_table(id,id_giangvien,lop,ngay,phonghoc,user_id,nhommonhoc,id_monhoc) VALUES (452,100,'D20-299','2023-04-15 09:00:00.000','498-A2',1,'INT13147-20222-1',36);
INSERT INTO time_table(id,id_giangvien,lop,ngay,phonghoc,user_id,nhommonhoc,id_monhoc) VALUES (453,100,'D20-042','2023-04-15 12:00:00.000','629-A2',1,'INT14148-20222-01',35);
INSERT INTO time_table(id,id_giangvien,lop,ngay,phonghoc,user_id,nhommonhoc,id_monhoc) VALUES (454,100,'D20-774','2023-04-15 14:00:00.000','384-A2',1,'INT14148-20222-01',35);
INSERT INTO time_table(id,id_giangvien,lop,ngay,phonghoc,user_id,nhommonhoc,id_monhoc) VALUES (455,100,'D20-428','2023-04-15 16:00:00.000','192-A2',1,'INT1434-20222-05',34);
INSERT INTO time_table(id,id_giangvien,lop,ngay,phonghoc,user_id,nhommonhoc,id_monhoc) VALUES (456,100,'D20-981','2023-04-15 18:00:00.000','597-A2',1,'INT1303-20222-06',33);
INSERT INTO time_table(id,id_giangvien,lop,ngay,phonghoc,user_id,nhommonhoc,id_monhoc) VALUES (457,100,'D20-901','2023-04-16 07:00:00.000','458-A2',1,'INT1340-20222-10',32);
INSERT INTO time_table(id,id_giangvien,lop,ngay,phonghoc,user_id,nhommonhoc,id_monhoc) VALUES (458,100,'D20-364','2023-04-16 09:00:00.000','825-A2',1,'INT13147-20222-1',36);
INSERT INTO time_table(id,id_giangvien,lop,ngay,phonghoc,user_id,nhommonhoc,id_monhoc) VALUES (459,100,'D20-542','2023-04-16 12:00:00.000','507-A2',1,'INT13147-20222-1',36);
INSERT INTO time_table(id,id_giangvien,lop,ngay,phonghoc,user_id,nhommonhoc,id_monhoc) VALUES (460,100,'D20-429','2023-04-16 14:00:00.000','966-A2',1,'INT1303-20222-06',33);
INSERT INTO time_table(id,id_giangvien,lop,ngay,phonghoc,user_id,nhommonhoc,id_monhoc) VALUES (461,100,'D20-739','2023-04-16 16:00:00.000','523-A2',1,'INT1434-20222-05',34);
INSERT INTO time_table(id,id_giangvien,lop,ngay,phonghoc,user_id,nhommonhoc,id_monhoc) VALUES (462,100,'D20-554','2023-04-16 18:00:00.000','497-A2',1,'INT1340-20222-10',32);
INSERT INTO time_table(id,id_giangvien,lop,ngay,phonghoc,user_id,nhommonhoc,id_monhoc) VALUES (463,100,'D20-256','2023-04-17 07:00:00.000','872-A2',1,'INT13147-20222-1',36);
INSERT INTO time_table(id,id_giangvien,lop,ngay,phonghoc,user_id,nhommonhoc,id_monhoc) VALUES (464,100,'D20-804','2023-04-17 09:00:00.000','476-A2',1,'INT1434-20222-05',34);
INSERT INTO time_table(id,id_giangvien,lop,ngay,phonghoc,user_id,nhommonhoc,id_monhoc) VALUES (465,100,'D20-006','2023-04-17 12:00:00.000','132-A2',1,'INT1434-20222-05',34);
INSERT INTO time_table(id,id_giangvien,lop,ngay,phonghoc,user_id,nhommonhoc,id_monhoc) VALUES (466,100,'D20-024','2023-04-17 14:00:00.000','322-A2',1,'INT1434-20222-05',34);
INSERT INTO time_table(id,id_giangvien,lop,ngay,phonghoc,user_id,nhommonhoc,id_monhoc) VALUES (467,100,'D20-112','2023-04-17 16:00:00.000','596-A2',1,'INT1340-20222-10',32);
INSERT INTO time_table(id,id_giangvien,lop,ngay,phonghoc,user_id,nhommonhoc,id_monhoc) VALUES (468,100,'D20-907','2023-04-17 18:00:00.000','486-A2',1,'INT13147-20222-1',36);
INSERT INTO time_table(id,id_giangvien,lop,ngay,phonghoc,user_id,nhommonhoc,id_monhoc) VALUES (469,100,'D20-021','2023-04-18 07:00:00.000','753-A2',1,'INT14148-20222-01',35);
INSERT INTO time_table(id,id_giangvien,lop,ngay,phonghoc,user_id,nhommonhoc,id_monhoc) VALUES (470,100,'D20-902','2023-04-18 09:00:00.000','983-A2',1,'INT1341-20222-02',31);
INSERT INTO time_table(id,id_giangvien,lop,ngay,phonghoc,user_id,nhommonhoc,id_monhoc) VALUES (471,100,'D20-039','2023-04-18 12:00:00.000','942-A2',1,'INT1434-20222-05',34);
INSERT INTO time_table(id,id_giangvien,lop,ngay,phonghoc,user_id,nhommonhoc,id_monhoc) VALUES (472,100,'D20-619','2023-04-18 14:00:00.000','364-A2',1,'INT1303-20222-06',33);
INSERT INTO time_table(id,id_giangvien,lop,ngay,phonghoc,user_id,nhommonhoc,id_monhoc) VALUES (473,100,'D20-737','2023-04-18 16:00:00.000','360-A2',1,'INT14148-20222-01',35);
INSERT INTO time_table(id,id_giangvien,lop,ngay,phonghoc,user_id,nhommonhoc,id_monhoc) VALUES (474,100,'D20-803','2023-04-18 18:00:00.000','516-A2',1,'INT1341-20222-02',31);
INSERT INTO time_table(id,id_giangvien,lop,ngay,phonghoc,user_id,nhommonhoc,id_monhoc) VALUES (475,100,'D20-553','2023-04-19 07:00:00.000','301-A2',1,'INT1303-20222-06',33);
INSERT INTO time_table(id,id_giangvien,lop,ngay,phonghoc,user_id,nhommonhoc,id_monhoc) VALUES (476,100,'D20-238','2023-04-19 09:00:00.000','651-A2',1,'INT1303-20222-06',33);
INSERT INTO time_table(id,id_giangvien,lop,ngay,phonghoc,user_id,nhommonhoc,id_monhoc) VALUES (477,100,'D20-977','2023-04-19 12:00:00.000','239-A2',1,'INT1340-20222-10',32);
INSERT INTO time_table(id,id_giangvien,lop,ngay,phonghoc,user_id,nhommonhoc,id_monhoc) VALUES (478,100,'D20-733','2023-04-19 14:00:00.000','203-A2',1,'INT1340-20222-10',32);
INSERT INTO time_table(id,id_giangvien,lop,ngay,phonghoc,user_id,nhommonhoc,id_monhoc) VALUES (479,100,'D20-635','2023-04-19 16:00:00.000','040-A2',1,'INT1341-20222-02',31);
INSERT INTO time_table(id,id_giangvien,lop,ngay,phonghoc,user_id,nhommonhoc,id_monhoc) VALUES (480,100,'D20-465','2023-04-19 18:00:00.000','401-A2',1,'INT1434-20222-05',34);
INSERT INTO time_table(id,id_giangvien,lop,ngay,phonghoc,user_id,nhommonhoc,id_monhoc) VALUES (481,100,'D20-004','2023-04-20 07:00:00.000','648-A2',1,'INT14148-20222-01',35);
INSERT INTO time_table(id,id_giangvien,lop,ngay,phonghoc,user_id,nhommonhoc,id_monhoc) VALUES (482,100,'D20-588','2023-04-20 09:00:00.000','362-A2',1,'INT1341-20222-02',31);
INSERT INTO time_table(id,id_giangvien,lop,ngay,phonghoc,user_id,nhommonhoc,id_monhoc) VALUES (483,100,'D20-377','2023-04-20 12:00:00.000','759-A2',1,'INT1341-20222-02',31);
INSERT INTO time_table(id,id_giangvien,lop,ngay,phonghoc,user_id,nhommonhoc,id_monhoc) VALUES (484,100,'D20-281','2023-04-20 14:00:00.000','380-A2',1,'INT1303-20222-06',33);
INSERT INTO time_table(id,id_giangvien,lop,ngay,phonghoc,user_id,nhommonhoc,id_monhoc) VALUES (485,100,'D20-478','2023-04-20 16:00:00.000','104-A2',1,'INT14148-20222-01',35);
INSERT INTO time_table(id,id_giangvien,lop,ngay,phonghoc,user_id,nhommonhoc,id_monhoc) VALUES (486,100,'D20-942','2023-04-20 18:00:00.000','132-A2',1,'INT14148-20222-01',35);
INSERT INTO time_table(id,id_giangvien,lop,ngay,phonghoc,user_id,nhommonhoc,id_monhoc) VALUES (487,100,'D20-082','2023-04-21 07:00:00.000','905-A2',1,'INT14148-20222-01',35);
INSERT INTO time_table(id,id_giangvien,lop,ngay,phonghoc,user_id,nhommonhoc,id_monhoc) VALUES (488,100,'D20-791','2023-04-21 09:00:00.000','149-A2',1,'INT1341-20222-02',31);
INSERT INTO time_table(id,id_giangvien,lop,ngay,phonghoc,user_id,nhommonhoc,id_monhoc) VALUES (489,100,'D20-295','2023-04-21 12:00:00.000','701-A2',1,'INT14148-20222-01',35);
INSERT INTO time_table(id,id_giangvien,lop,ngay,phonghoc,user_id,nhommonhoc,id_monhoc) VALUES (490,100,'D20-279','2023-04-21 14:00:00.000','794-A2',1,'INT14148-20222-01',35);
INSERT INTO time_table(id,id_giangvien,lop,ngay,phonghoc,user_id,nhommonhoc,id_monhoc) VALUES (491,100,'D20-706','2023-04-21 16:00:00.000','908-A2',1,'INT1303-20222-06',33);
INSERT INTO time_table(id,id_giangvien,lop,ngay,phonghoc,user_id,nhommonhoc,id_monhoc) VALUES (492,100,'D20-160','2023-04-21 18:00:00.000','764-A2',1,'INT13147-20222-1',36);
INSERT INTO time_table(id,id_giangvien,lop,ngay,phonghoc,user_id,nhommonhoc,id_monhoc) VALUES (493,100,'D20-010','2023-04-22 07:00:00.000','991-A2',1,'INT1341-20222-02',31);
INSERT INTO time_table(id,id_giangvien,lop,ngay,phonghoc,user_id,nhommonhoc,id_monhoc) VALUES (494,100,'D20-638','2023-04-22 09:00:00.000','036-A2',1,'INT14148-20222-01',35);
INSERT INTO time_table(id,id_giangvien,lop,ngay,phonghoc,user_id,nhommonhoc,id_monhoc) VALUES (495,100,'D20-827','2023-04-22 12:00:00.000','774-A2',1,'INT14148-20222-01',35);
INSERT INTO time_table(id,id_giangvien,lop,ngay,phonghoc,user_id,nhommonhoc,id_monhoc) VALUES (496,100,'D20-193','2023-04-22 14:00:00.000','756-A2',1,'INT14148-20222-01',35);
INSERT INTO time_table(id,id_giangvien,lop,ngay,phonghoc,user_id,nhommonhoc,id_monhoc) VALUES (497,100,'D20-747','2023-04-22 16:00:00.000','213-A2',1,'INT13147-20222-1',36);
INSERT INTO time_table(id,id_giangvien,lop,ngay,phonghoc,user_id,nhommonhoc,id_monhoc) VALUES (498,100,'D20-965','2023-04-22 18:00:00.000','364-A2',1,'INT14148-20222-01',35);
INSERT INTO time_table(id,id_giangvien,lop,ngay,phonghoc,user_id,nhommonhoc,id_monhoc) VALUES (499,100,'D20-713','2023-04-23 07:00:00.000','510-A2',1,'INT13147-20222-1',36);
INSERT INTO time_table(id,id_giangvien,lop,ngay,phonghoc,user_id,nhommonhoc,id_monhoc) VALUES (500,100,'D20-743','2023-04-23 09:00:00.000','231-A2',1,'INT14148-20222-01',35);
INSERT INTO time_table(id,id_giangvien,lop,ngay,phonghoc,user_id,nhommonhoc,id_monhoc) VALUES (501,100,'D20-672','2023-04-23 12:00:00.000','927-A2',1,'INT1303-20222-06',33);
INSERT INTO time_table(id,id_giangvien,lop,ngay,phonghoc,user_id,nhommonhoc,id_monhoc) VALUES (502,100,'D20-380','2023-04-23 14:00:00.000','311-A2',1,'INT14148-20222-01',35);
INSERT INTO time_table(id,id_giangvien,lop,ngay,phonghoc,user_id,nhommonhoc,id_monhoc) VALUES (503,100,'D20-741','2023-04-23 16:00:00.000','722-A2',1,'INT14148-20222-01',35);
INSERT INTO time_table(id,id_giangvien,lop,ngay,phonghoc,user_id,nhommonhoc,id_monhoc) VALUES (504,100,'D20-623','2023-04-23 18:00:00.000','548-A2',1,'INT1303-20222-06',33);
INSERT INTO time_table(id,id_giangvien,lop,ngay,phonghoc,user_id,nhommonhoc,id_monhoc) VALUES (505,100,'D20-484','2023-04-24 07:00:00.000','390-A2',1,'INT1303-20222-06',33);
INSERT INTO time_table(id,id_giangvien,lop,ngay,phonghoc,user_id,nhommonhoc,id_monhoc) VALUES (506,100,'D20-313','2023-04-24 09:00:00.000','564-A2',1,'INT1340-20222-10',32);
INSERT INTO time_table(id,id_giangvien,lop,ngay,phonghoc,user_id,nhommonhoc,id_monhoc) VALUES (507,100,'D20-379','2023-04-24 12:00:00.000','211-A2',1,'INT1341-20222-02',31);
INSERT INTO time_table(id,id_giangvien,lop,ngay,phonghoc,user_id,nhommonhoc,id_monhoc) VALUES (508,100,'D20-031','2023-04-24 14:00:00.000','847-A2',1,'INT14148-20222-01',35);
INSERT INTO time_table(id,id_giangvien,lop,ngay,phonghoc,user_id,nhommonhoc,id_monhoc) VALUES (509,100,'D20-260','2023-04-24 16:00:00.000','293-A2',1,'INT14148-20222-01',35);
INSERT INTO time_table(id,id_giangvien,lop,ngay,phonghoc,user_id,nhommonhoc,id_monhoc) VALUES (510,100,'D20-496','2023-04-24 18:00:00.000','953-A2',1,'INT1303-20222-06',33);
INSERT INTO time_table(id,id_giangvien,lop,ngay,phonghoc,user_id,nhommonhoc,id_monhoc) VALUES (511,100,'D20-358','2023-04-25 07:00:00.000','129-A2',1,'INT13147-20222-1',36);
INSERT INTO time_table(id,id_giangvien,lop,ngay,phonghoc,user_id,nhommonhoc,id_monhoc) VALUES (512,100,'D20-250','2023-04-25 09:00:00.000','068-A2',1,'INT1341-20222-02',31);
INSERT INTO time_table(id,id_giangvien,lop,ngay,phonghoc,user_id,nhommonhoc,id_monhoc) VALUES (513,100,'D20-571','2023-04-25 12:00:00.000','652-A2',1,'INT1341-20222-02',31);
INSERT INTO time_table(id,id_giangvien,lop,ngay,phonghoc,user_id,nhommonhoc,id_monhoc) VALUES (514,100,'D20-317','2023-04-25 14:00:00.000','578-A2',1,'INT1341-20222-02',31);
INSERT INTO time_table(id,id_giangvien,lop,ngay,phonghoc,user_id,nhommonhoc,id_monhoc) VALUES (515,100,'D20-712','2023-04-25 16:00:00.000','700-A2',1,'INT1303-20222-06',33);
INSERT INTO time_table(id,id_giangvien,lop,ngay,phonghoc,user_id,nhommonhoc,id_monhoc) VALUES (516,100,'D20-355','2023-04-25 18:00:00.000','124-A2',1,'INT1303-20222-06',33);
INSERT INTO time_table(id,id_giangvien,lop,ngay,phonghoc,user_id,nhommonhoc,id_monhoc) VALUES (517,100,'D20-240','2023-04-26 07:00:00.000','082-A2',1,'INT1340-20222-10',32);
INSERT INTO time_table(id,id_giangvien,lop,ngay,phonghoc,user_id,nhommonhoc,id_monhoc) VALUES (518,100,'D20-012','2023-04-26 09:00:00.000','211-A2',1,'INT1303-20222-06',33);
INSERT INTO time_table(id,id_giangvien,lop,ngay,phonghoc,user_id,nhommonhoc,id_monhoc) VALUES (519,100,'D20-823','2023-04-26 12:00:00.000','873-A2',1,'INT1303-20222-06',33);
INSERT INTO time_table(id,id_giangvien,lop,ngay,phonghoc,user_id,nhommonhoc,id_monhoc) VALUES (520,100,'D20-580','2023-04-26 14:00:00.000','933-A2',1,'INT1340-20222-10',32);
INSERT INTO time_table(id,id_giangvien,lop,ngay,phonghoc,user_id,nhommonhoc,id_monhoc) VALUES (521,100,'D20-738','2023-04-26 16:00:00.000','115-A2',1,'INT1340-20222-10',32);
INSERT INTO time_table(id,id_giangvien,lop,ngay,phonghoc,user_id,nhommonhoc,id_monhoc) VALUES (522,100,'D20-455','2023-04-26 18:00:00.000','186-A2',1,'INT13147-20222-1',36);
INSERT INTO time_table(id,id_giangvien,lop,ngay,phonghoc,user_id,nhommonhoc,id_monhoc) VALUES (523,100,'D20-195','2023-04-27 07:00:00.000','259-A2',1,'INT1434-20222-05',34);
INSERT INTO time_table(id,id_giangvien,lop,ngay,phonghoc,user_id,nhommonhoc,id_monhoc) VALUES (524,100,'D20-500','2023-04-27 09:00:00.000','766-A2',1,'INT1434-20222-05',34);
INSERT INTO time_table(id,id_giangvien,lop,ngay,phonghoc,user_id,nhommonhoc,id_monhoc) VALUES (525,100,'D20-620','2023-04-27 12:00:00.000','386-A2',1,'INT1434-20222-05',34);
INSERT INTO time_table(id,id_giangvien,lop,ngay,phonghoc,user_id,nhommonhoc,id_monhoc) VALUES (526,100,'D20-875','2023-04-27 14:00:00.000','559-A2',1,'INT14148-20222-01',35);
INSERT INTO time_table(id,id_giangvien,lop,ngay,phonghoc,user_id,nhommonhoc,id_monhoc) VALUES (527,100,'D20-604','2023-04-27 16:00:00.000','162-A2',1,'INT1434-20222-05',34);
INSERT INTO time_table(id,id_giangvien,lop,ngay,phonghoc,user_id,nhommonhoc,id_monhoc) VALUES (528,100,'D20-016','2023-04-27 18:00:00.000','125-A2',1,'INT1341-20222-02',31);
INSERT INTO time_table(id,id_giangvien,lop,ngay,phonghoc,user_id,nhommonhoc,id_monhoc) VALUES (529,100,'D20-261','2023-04-28 07:00:00.000','825-A2',1,'INT1340-20222-10',32);
INSERT INTO time_table(id,id_giangvien,lop,ngay,phonghoc,user_id,nhommonhoc,id_monhoc) VALUES (530,100,'D20-981','2023-04-28 09:00:00.000','716-A2',1,'INT1434-20222-05',34);
INSERT INTO time_table(id,id_giangvien,lop,ngay,phonghoc,user_id,nhommonhoc,id_monhoc) VALUES (531,100,'D20-379','2023-04-28 12:00:00.000','373-A2',1,'INT1340-20222-10',32);
INSERT INTO time_table(id,id_giangvien,lop,ngay,phonghoc,user_id,nhommonhoc,id_monhoc) VALUES (532,100,'D20-041','2023-04-28 14:00:00.000','387-A2',1,'INT13147-20222-1',36);
INSERT INTO time_table(id,id_giangvien,lop,ngay,phonghoc,user_id,nhommonhoc,id_monhoc) VALUES (533,100,'D20-739','2023-04-28 16:00:00.000','620-A2',1,'INT1303-20222-06',33);
INSERT INTO time_table(id,id_giangvien,lop,ngay,phonghoc,user_id,nhommonhoc,id_monhoc) VALUES (534,100,'D20-171','2023-04-28 18:00:00.000','703-A2',1,'INT1303-20222-06',33);
INSERT INTO time_table(id,id_giangvien,lop,ngay,phonghoc,user_id,nhommonhoc,id_monhoc) VALUES (535,100,'D20-479','2023-04-29 07:00:00.000','794-A2',1,'INT1434-20222-05',34);
INSERT INTO time_table(id,id_giangvien,lop,ngay,phonghoc,user_id,nhommonhoc,id_monhoc) VALUES (536,100,'D20-585','2023-04-29 09:00:00.000','138-A2',1,'INT1303-20222-06',33);
INSERT INTO time_table(id,id_giangvien,lop,ngay,phonghoc,user_id,nhommonhoc,id_monhoc) VALUES (537,100,'D20-819','2023-04-29 12:00:00.000','438-A2',1,'INT1303-20222-06',33);
INSERT INTO time_table(id,id_giangvien,lop,ngay,phonghoc,user_id,nhommonhoc,id_monhoc) VALUES (538,100,'D20-277','2023-04-29 14:00:00.000','262-A2',1,'INT13147-20222-1',36);
INSERT INTO time_table(id,id_giangvien,lop,ngay,phonghoc,user_id,nhommonhoc,id_monhoc) VALUES (539,100,'D20-667','2023-04-29 16:00:00.000','523-A2',1,'INT14148-20222-01',35);
INSERT INTO time_table(id,id_giangvien,lop,ngay,phonghoc,user_id,nhommonhoc,id_monhoc) VALUES (540,100,'D20-616','2023-04-29 18:00:00.000','517-A2',1,'INT1303-20222-06',33);
INSERT INTO time_table(id,id_giangvien,lop,ngay,phonghoc,user_id,nhommonhoc,id_monhoc) VALUES (541,100,'D20-228','2023-04-30 07:00:00.000','882-A2',1,'INT1341-20222-02',31);
INSERT INTO time_table(id,id_giangvien,lop,ngay,phonghoc,user_id,nhommonhoc,id_monhoc) VALUES (542,100,'D20-488','2023-04-30 09:00:00.000','296-A2',1,'INT13147-20222-1',36);
INSERT INTO time_table(id,id_giangvien,lop,ngay,phonghoc,user_id,nhommonhoc,id_monhoc) VALUES (543,100,'D20-162','2023-04-30 12:00:00.000','569-A2',1,'INT1434-20222-05',34);
INSERT INTO time_table(id,id_giangvien,lop,ngay,phonghoc,user_id,nhommonhoc,id_monhoc) VALUES (544,100,'D20-564','2023-04-30 14:00:00.000','498-A2',1,'INT1340-20222-10',32);
INSERT INTO time_table(id,id_giangvien,lop,ngay,phonghoc,user_id,nhommonhoc,id_monhoc) VALUES (545,100,'D20-338','2023-04-30 16:00:00.000','610-A2',1,'INT14148-20222-01',35);
INSERT INTO time_table(id,id_giangvien,lop,ngay,phonghoc,user_id,nhommonhoc,id_monhoc) VALUES (546,100,'D20-874','2023-04-30 18:00:00.000','496-A2',1,'INT1434-20222-05',34);
INSERT INTO time_table(id,id_giangvien,lop,ngay,phonghoc,user_id,nhommonhoc,id_monhoc) VALUES (547,100,'D20-309','2023-05-01 07:00:00.000','881-A2',1,'INT1340-20222-10',32);
INSERT INTO time_table(id,id_giangvien,lop,ngay,phonghoc,user_id,nhommonhoc,id_monhoc) VALUES (548,100,'D20-263','2023-05-01 09:00:00.000','642-A2',1,'INT1434-20222-05',34);
INSERT INTO time_table(id,id_giangvien,lop,ngay,phonghoc,user_id,nhommonhoc,id_monhoc) VALUES (549,100,'D20-649','2023-05-01 12:00:00.000','297-A2',1,'INT1341-20222-02',31);
INSERT INTO time_table(id,id_giangvien,lop,ngay,phonghoc,user_id,nhommonhoc,id_monhoc) VALUES (550,100,'D20-203','2023-05-01 14:00:00.000','371-A2',1,'INT14148-20222-01',35);
INSERT INTO time_table(id,id_giangvien,lop,ngay,phonghoc,user_id,nhommonhoc,id_monhoc) VALUES (551,100,'D20-533','2023-05-01 16:00:00.000','580-A2',1,'INT1434-20222-05',34);
INSERT INTO time_table(id,id_giangvien,lop,ngay,phonghoc,user_id,nhommonhoc,id_monhoc) VALUES (552,100,'D20-222','2023-05-01 18:00:00.000','265-A2',1,'INT1341-20222-02',31);
INSERT INTO time_table(id,id_giangvien,lop,ngay,phonghoc,user_id,nhommonhoc,id_monhoc) VALUES (553,100,'D20-002','2023-05-02 07:00:00.000','974-A2',1,'INT1303-20222-06',33);
INSERT INTO time_table(id,id_giangvien,lop,ngay,phonghoc,user_id,nhommonhoc,id_monhoc) VALUES (554,100,'D20-685','2023-05-02 09:00:00.000','587-A2',1,'INT1303-20222-06',33);
INSERT INTO time_table(id,id_giangvien,lop,ngay,phonghoc,user_id,nhommonhoc,id_monhoc) VALUES (555,100,'D20-782','2023-05-02 12:00:00.000','870-A2',1,'INT1434-20222-05',34);
INSERT INTO time_table(id,id_giangvien,lop,ngay,phonghoc,user_id,nhommonhoc,id_monhoc) VALUES (556,100,'D20-798','2023-05-02 14:00:00.000','343-A2',1,'INT13147-20222-1',36);
INSERT INTO time_table(id,id_giangvien,lop,ngay,phonghoc,user_id,nhommonhoc,id_monhoc) VALUES (557,100,'D20-747','2023-05-02 16:00:00.000','190-A2',1,'INT1341-20222-02',31);
INSERT INTO time_table(id,id_giangvien,lop,ngay,phonghoc,user_id,nhommonhoc,id_monhoc) VALUES (558,100,'D20-077','2023-05-02 18:00:00.000','873-A2',1,'INT1340-20222-10',32);
INSERT INTO time_table(id,id_giangvien,lop,ngay,phonghoc,user_id,nhommonhoc,id_monhoc) VALUES (559,100,'D20-375','2023-05-03 07:00:00.000','192-A2',1,'INT14148-20222-01',35);
INSERT INTO time_table(id,id_giangvien,lop,ngay,phonghoc,user_id,nhommonhoc,id_monhoc) VALUES (560,100,'D20-805','2023-05-03 09:00:00.000','704-A2',1,'INT1434-20222-05',34);
INSERT INTO time_table(id,id_giangvien,lop,ngay,phonghoc,user_id,nhommonhoc,id_monhoc) VALUES (561,100,'D20-498','2023-05-03 12:00:00.000','482-A2',1,'INT13147-20222-1',36);
INSERT INTO time_table(id,id_giangvien,lop,ngay,phonghoc,user_id,nhommonhoc,id_monhoc) VALUES (562,100,'D20-172','2023-05-03 14:00:00.000','682-A2',1,'INT14148-20222-01',35);
INSERT INTO time_table(id,id_giangvien,lop,ngay,phonghoc,user_id,nhommonhoc,id_monhoc) VALUES (563,100,'D20-178','2023-05-03 16:00:00.000','608-A2',1,'INT1434-20222-05',34);
INSERT INTO time_table(id,id_giangvien,lop,ngay,phonghoc,user_id,nhommonhoc,id_monhoc) VALUES (564,100,'D20-340','2023-05-03 18:00:00.000','825-A2',1,'INT14148-20222-01',35);
INSERT INTO time_table(id,id_giangvien,lop,ngay,phonghoc,user_id,nhommonhoc,id_monhoc) VALUES (565,100,'D20-818','2023-05-04 07:00:00.000','467-A2',1,'INT1434-20222-05',34);
INSERT INTO time_table(id,id_giangvien,lop,ngay,phonghoc,user_id,nhommonhoc,id_monhoc) VALUES (566,100,'D20-825','2023-05-04 09:00:00.000','916-A2',1,'INT1340-20222-10',32);
INSERT INTO time_table(id,id_giangvien,lop,ngay,phonghoc,user_id,nhommonhoc,id_monhoc) VALUES (567,100,'D20-059','2023-05-04 12:00:00.000','381-A2',1,'INT1340-20222-10',32);
INSERT INTO time_table(id,id_giangvien,lop,ngay,phonghoc,user_id,nhommonhoc,id_monhoc) VALUES (568,100,'D20-476','2023-05-04 14:00:00.000','290-A2',1,'INT1303-20222-06',33);
INSERT INTO time_table(id,id_giangvien,lop,ngay,phonghoc,user_id,nhommonhoc,id_monhoc) VALUES (569,100,'D20-260','2023-05-04 16:00:00.000','345-A2',1,'INT1434-20222-05',34);
INSERT INTO time_table(id,id_giangvien,lop,ngay,phonghoc,user_id,nhommonhoc,id_monhoc) VALUES (570,100,'D20-517','2023-05-04 18:00:00.000','571-A2',1,'INT1341-20222-02',31);
INSERT INTO time_table(id,id_giangvien,lop,ngay,phonghoc,user_id,nhommonhoc,id_monhoc) VALUES (571,100,'D20-850','2023-05-05 07:00:00.000','490-A2',1,'INT1434-20222-05',34);
INSERT INTO time_table(id,id_giangvien,lop,ngay,phonghoc,user_id,nhommonhoc,id_monhoc) VALUES (572,100,'D20-521','2023-05-05 09:00:00.000','944-A2',1,'INT1340-20222-10',32);
INSERT INTO time_table(id,id_giangvien,lop,ngay,phonghoc,user_id,nhommonhoc,id_monhoc) VALUES (573,100,'D20-351','2023-05-05 12:00:00.000','153-A2',1,'INT14148-20222-01',35);
INSERT INTO time_table(id,id_giangvien,lop,ngay,phonghoc,user_id,nhommonhoc,id_monhoc) VALUES (574,100,'D20-587','2023-05-05 14:00:00.000','797-A2',1,'INT14148-20222-01',35);
INSERT INTO time_table(id,id_giangvien,lop,ngay,phonghoc,user_id,nhommonhoc,id_monhoc) VALUES (575,100,'D20-358','2023-05-05 16:00:00.000','993-A2',1,'INT1340-20222-10',32);
INSERT INTO time_table(id,id_giangvien,lop,ngay,phonghoc,user_id,nhommonhoc,id_monhoc) VALUES (576,100,'D20-070','2023-05-05 18:00:00.000','701-A2',1,'INT1340-20222-10',32);
INSERT INTO time_table(id,id_giangvien,lop,ngay,phonghoc,user_id,nhommonhoc,id_monhoc) VALUES (577,100,'D20-227','2023-05-06 07:00:00.000','756-A2',1,'INT1340-20222-10',32);
INSERT INTO time_table(id,id_giangvien,lop,ngay,phonghoc,user_id,nhommonhoc,id_monhoc) VALUES (578,100,'D20-050','2023-05-06 09:00:00.000','592-A2',1,'INT13147-20222-1',36);
INSERT INTO time_table(id,id_giangvien,lop,ngay,phonghoc,user_id,nhommonhoc,id_monhoc) VALUES (579,100,'D20-374','2023-05-06 12:00:00.000','794-A2',1,'INT14148-20222-01',35);
INSERT INTO time_table(id,id_giangvien,lop,ngay,phonghoc,user_id,nhommonhoc,id_monhoc) VALUES (580,100,'D20-328','2023-05-06 14:00:00.000','042-A2',1,'INT1303-20222-06',33);
INSERT INTO time_table(id,id_giangvien,lop,ngay,phonghoc,user_id,nhommonhoc,id_monhoc) VALUES (581,100,'D20-375','2023-05-06 16:00:00.000','465-A2',1,'INT1340-20222-10',32);
INSERT INTO time_table(id,id_giangvien,lop,ngay,phonghoc,user_id,nhommonhoc,id_monhoc) VALUES (582,100,'D20-350','2023-05-06 18:00:00.000','495-A2',1,'INT1340-20222-10',32);
INSERT INTO time_table(id,id_giangvien,lop,ngay,phonghoc,user_id,nhommonhoc,id_monhoc) VALUES (583,100,'D20-632','2023-05-07 07:00:00.000','918-A2',1,'INT1340-20222-10',32);
INSERT INTO time_table(id,id_giangvien,lop,ngay,phonghoc,user_id,nhommonhoc,id_monhoc) VALUES (584,100,'D20-032','2023-05-07 09:00:00.000','194-A2',1,'INT14148-20222-01',35);
INSERT INTO time_table(id,id_giangvien,lop,ngay,phonghoc,user_id,nhommonhoc,id_monhoc) VALUES (585,100,'D20-985','2023-05-07 12:00:00.000','020-A2',1,'INT1341-20222-02',31);
INSERT INTO time_table(id,id_giangvien,lop,ngay,phonghoc,user_id,nhommonhoc,id_monhoc) VALUES (586,100,'D20-027','2023-05-07 14:00:00.000','791-A2',1,'INT14148-20222-01',35);
INSERT INTO time_table(id,id_giangvien,lop,ngay,phonghoc,user_id,nhommonhoc,id_monhoc) VALUES (587,100,'D20-926','2023-05-07 16:00:00.000','421-A2',1,'INT1341-20222-02',31);
INSERT INTO time_table(id,id_giangvien,lop,ngay,phonghoc,user_id,nhommonhoc,id_monhoc) VALUES (588,100,'D20-560','2023-05-07 18:00:00.000','556-A2',1,'INT14148-20222-01',35);
INSERT INTO time_table(id,id_giangvien,lop,ngay,phonghoc,user_id,nhommonhoc,id_monhoc) VALUES (589,100,'D20-653','2023-05-08 07:00:00.000','192-A2',1,'INT1340-20222-10',32);
INSERT INTO time_table(id,id_giangvien,lop,ngay,phonghoc,user_id,nhommonhoc,id_monhoc) VALUES (590,100,'D20-614','2023-05-08 09:00:00.000','744-A2',1,'INT1434-20222-05',34);
INSERT INTO time_table(id,id_giangvien,lop,ngay,phonghoc,user_id,nhommonhoc,id_monhoc) VALUES (591,100,'D20-332','2023-05-08 12:00:00.000','105-A2',1,'INT1341-20222-02',31);
INSERT INTO time_table(id,id_giangvien,lop,ngay,phonghoc,user_id,nhommonhoc,id_monhoc) VALUES (592,100,'D20-272','2023-05-08 14:00:00.000','592-A2',1,'INT1434-20222-05',34);
INSERT INTO time_table(id,id_giangvien,lop,ngay,phonghoc,user_id,nhommonhoc,id_monhoc) VALUES (593,100,'D20-319','2023-05-08 16:00:00.000','856-A2',1,'INT13147-20222-1',36);
INSERT INTO time_table(id,id_giangvien,lop,ngay,phonghoc,user_id,nhommonhoc,id_monhoc) VALUES (594,100,'D20-672','2023-05-08 18:00:00.000','133-A2',1,'INT1303-20222-06',33);
INSERT INTO time_table(id,id_giangvien,lop,ngay,phonghoc,user_id,nhommonhoc,id_monhoc) VALUES (595,100,'D20-236','2023-05-09 07:00:00.000','401-A2',1,'INT1434-20222-05',34);
INSERT INTO time_table(id,id_giangvien,lop,ngay,phonghoc,user_id,nhommonhoc,id_monhoc) VALUES (596,100,'D20-085','2023-05-09 09:00:00.000','836-A2',1,'INT14148-20222-01',35);
INSERT INTO time_table(id,id_giangvien,lop,ngay,phonghoc,user_id,nhommonhoc,id_monhoc) VALUES (597,100,'D20-956','2023-05-09 12:00:00.000','126-A2',1,'INT1340-20222-10',32);
INSERT INTO time_table(id,id_giangvien,lop,ngay,phonghoc,user_id,nhommonhoc,id_monhoc) VALUES (598,100,'D20-737','2023-05-09 14:00:00.000','811-A2',1,'INT14148-20222-01',35);
INSERT INTO time_table(id,id_giangvien,lop,ngay,phonghoc,user_id,nhommonhoc,id_monhoc) VALUES (599,100,'D20-714','2023-05-09 16:00:00.000','162-A2',1,'INT1341-20222-02',31);
INSERT INTO time_table(id,id_giangvien,lop,ngay,phonghoc,user_id,nhommonhoc,id_monhoc) VALUES (600,100,'D20-789','2023-05-09 18:00:00.000','525-A2',1,'INT1340-20222-10',32);
-- dữ liệu bảng feedback
INSERT INTO feedback(id,phongban,noidung,noidungphanhoi,ngaytao,user_id) VALUES (1,'Ban Giám đốc (TDT1-BGD)','Sao học phí trường đắt thế ạ?',NULL,'2023-04-02',1)